imageName,imageData,imageHeight,imageWidth,img_id,part,id,img_rel_path,classification_rank,x1,x2,y1,y2,label,rank,points
000.png,,1024,1024,58,screw,60,training/manipulated_front/000.png,,164.0,261.0,857.0,941.0,manipulated_front,-1,"[[198, 857], [196, 859], [195, 859], [193, 861], [193, 862], [192, 863], [192, 864], [191, 865], [191, 866], [190, 867], [190, 868], [189, 869], [189, 870], [188, 871], [188, 872], [187, 873], [187, 874], [186, 875], [186, 876], [185, 877], [185, 878], [183, 880], [183, 881], [182, 882], [182, 883], [181, 884], [181, 885], [180, 886], [180, 887], [179, 888], [179, 889], [178, 890], [178, 891], [177, 892], [177, 893], [176, 894], [176, 895], [175, 896], [175, 897], [174, 898], [174, 899], [173, 900], [173, 901], [172, 902], [172, 903], [171, 904], [171, 905], [170, 906], [170, 907], [169, 908], [169, 909], [168, 910], [168, 911], [167, 912], [167, 913], [166, 914], [166, 915], [165, 916], [165, 917], [164, 918], [164, 941], [165, 940], [167, 940], [168, 939], [170, 939], [171, 938], [173, 938], [174, 937], [177, 937], [178, 936], [180, 936], [181, 935], [183, 935], [184, 934], [186, 934], [187, 933], [189, 933], [230, 892], [231, 892], [237, 886], [238, 886], [239, 885], [241, 885], [242, 884], [243, 884], [244, 883], [246, 883], [247, 882], [248, 882], [249, 881], [251, 881], [252, 880], [253, 880], [254, 879], [256, 879], [257, 878], [258, 878], [259, 877], [261, 877], [261, 876], [260, 875], [260, 869], [259, 868], [259, 863], [257, 863], [256, 864], [223, 864], [222, 863], [220, 863], [219, 862], [216, 862], [215, 861], [213, 861], [212, 860], [209, 860], [208, 859], [206, 859], [205, 858], [203, 858], [202, 857]]"
001.png,,1024,1024,59,screw,61,training/manipulated_front/001.png,,786.0,861.0,830.0,914.0,manipulated_front,-1,"[[821, 830], [821, 860], [818, 863], [793, 863], [792, 864], [791, 864], [791, 865], [790, 866], [790, 867], [789, 868], [789, 869], [788, 870], [788, 871], [787, 872], [787, 874], [786, 875], [786, 877], [787, 878], [788, 878], [790, 880], [791, 880], [793, 882], [794, 882], [796, 884], [797, 884], [799, 886], [800, 886], [802, 888], [803, 888], [805, 890], [806, 890], [808, 892], [809, 892], [811, 894], [812, 894], [814, 896], [815, 896], [817, 898], [818, 898], [820, 900], [821, 900], [823, 902], [824, 902], [826, 904], [827, 904], [829, 906], [830, 906], [832, 908], [833, 908], [835, 910], [836, 910], [838, 912], [842, 912], [843, 913], [854, 913], [855, 914], [861, 914], [861, 912], [860, 911], [860, 906], [859, 905], [859, 901], [858, 900], [858, 895], [857, 894], [857, 891], [856, 890], [856, 889], [855, 888], [855, 887], [854, 886], [854, 885], [853, 884], [853, 883], [852, 882], [852, 881], [851, 880], [851, 879], [850, 878], [850, 877], [849, 876], [849, 875], [848, 874], [848, 873], [847, 872], [847, 871], [846, 870], [846, 869], [845, 868], [845, 867], [844, 866], [844, 865], [843, 864], [843, 863], [842, 862], [842, 861], [841, 860], [841, 859], [840, 858], [840, 857], [839, 856], [839, 855], [838, 854], [838, 853], [837, 852], [837, 851], [836, 850], [836, 849], [835, 848], [835, 847], [834, 846], [834, 845], [833, 844], [833, 843], [832, 842], [832, 841], [831, 840], [831, 839], [830, 838], [830, 837], [829, 836], [829, 835], [828, 834], [828, 833], [827, 832], [827, 831], [826, 830]]"
002.png,,1024,1024,60,screw,62,training/manipulated_front/002.png,,463.0,506.0,915.0,1023.0,manipulated_front,-1,"[[463, 915], [463, 947], [464, 948], [464, 955], [465, 956], [465, 963], [466, 964], [466, 971], [467, 972], [467, 978], [468, 979], [468, 986], [469, 987], [469, 994], [470, 995], [470, 1002], [474, 1006], [474, 1007], [475, 1008], [475, 1023], [489, 1023], [489, 1007], [490, 1006], [490, 1004], [491, 1003], [491, 1000], [492, 999], [492, 996], [493, 995], [493, 992], [494, 991], [494, 989], [495, 988], [495, 985], [496, 984], [496, 981], [497, 980], [497, 977], [498, 976], [498, 973], [499, 972], [499, 970], [500, 969], [500, 966], [501, 965], [501, 962], [502, 961], [502, 958], [503, 957], [503, 954], [504, 953], [504, 951], [505, 950], [505, 947], [506, 946], [505, 945], [504, 945], [503, 944], [501, 944], [500, 943], [499, 943], [498, 942], [497, 942], [496, 941], [494, 941], [493, 940], [492, 940], [491, 939], [489, 939], [488, 938], [487, 938], [486, 937], [485, 937], [484, 936], [482, 936], [481, 935], [480, 935], [479, 934], [477, 934], [476, 933], [475, 933], [474, 932], [473, 932], [472, 931], [472, 930], [471, 929], [471, 926], [470, 925], [470, 922], [469, 921], [469, 918], [468, 917], [468, 915]]"
003.png,,1024,1024,61,screw,63,training/manipulated_front/003.png,,55.0,157.0,284.0,361.0,manipulated_front,-1,"[[61, 284], [55, 290], [55, 291], [56, 292], [56, 294], [57, 295], [57, 297], [58, 298], [58, 300], [59, 301], [59, 303], [60, 304], [61, 304], [62, 305], [63, 305], [65, 307], [66, 307], [67, 308], [68, 308], [69, 309], [70, 309], [71, 310], [72, 310], [73, 311], [74, 311], [75, 312], [76, 312], [77, 313], [78, 313], [79, 314], [80, 314], [81, 315], [81, 361], [89, 361], [90, 360], [90, 359], [91, 358], [91, 357], [93, 355], [93, 354], [95, 352], [126, 352], [127, 353], [127, 359], [141, 359], [141, 356], [142, 355], [157, 355], [156, 354], [156, 351], [155, 350], [155, 347], [154, 346], [154, 342], [153, 341], [153, 338], [152, 337], [152, 335], [151, 334], [151, 332], [150, 331], [150, 328], [149, 327], [149, 325], [148, 324], [148, 322], [147, 321], [147, 319], [146, 318], [146, 314], [145, 313], [145, 310], [144, 309], [144, 306], [143, 305], [143, 301], [142, 300], [142, 297], [141, 296], [141, 293], [134, 293], [133, 292], [132, 292], [131, 291], [118, 291], [117, 290], [110, 290], [109, 289], [102, 289], [101, 288], [94, 288], [93, 287], [86, 287], [85, 286], [78, 286], [77, 285], [70, 285], [69, 284]]"
004.png,,1024,1024,62,screw,64,training/manipulated_front/004.png,,764.0,819.0,94.0,184.0,manipulated_front,-1,"[[789, 94], [788, 95], [784, 95], [783, 96], [782, 96], [781, 97], [780, 97], [779, 98], [779, 126], [778, 127], [778, 129], [777, 130], [777, 131], [776, 132], [776, 133], [775, 134], [775, 135], [774, 136], [774, 137], [773, 138], [773, 143], [764, 152], [764, 153], [771, 153], [772, 154], [778, 154], [779, 155], [785, 155], [788, 158], [789, 158], [791, 160], [791, 161], [792, 162], [792, 165], [793, 166], [793, 170], [794, 171], [794, 175], [795, 176], [795, 179], [796, 180], [796, 184], [796, 182], [797, 181], [797, 179], [798, 178], [798, 177], [799, 176], [799, 174], [800, 173], [800, 171], [801, 170], [801, 169], [802, 168], [802, 166], [804, 164], [805, 164], [805, 158], [806, 157], [806, 155], [807, 154], [807, 152], [808, 151], [808, 150], [809, 149], [809, 147], [810, 146], [810, 144], [811, 143], [811, 142], [812, 141], [812, 139], [813, 138], [813, 136], [814, 135], [814, 134], [815, 133], [815, 131], [816, 130], [816, 128], [817, 127], [817, 126], [818, 125], [818, 123], [819, 122], [819, 119], [818, 118], [818, 115], [817, 114], [817, 111], [816, 110], [816, 106], [793, 106], [792, 105], [792, 103], [791, 102], [791, 98], [790, 97], [790, 94]]"
005.png,,1024,1024,63,screw,65,training/manipulated_front/005.png,,654.0,739.0,883.0,980.0,manipulated_front,-1,"[[694, 883], [693, 884], [692, 884], [692, 885], [687, 890], [687, 891], [682, 896], [682, 897], [669, 910], [663, 910], [662, 911], [656, 911], [655, 912], [654, 912], [654, 913], [655, 914], [655, 915], [657, 917], [657, 918], [658, 919], [658, 920], [660, 922], [660, 923], [661, 924], [661, 925], [663, 927], [663, 928], [664, 929], [664, 930], [666, 932], [666, 933], [667, 934], [667, 935], [669, 937], [669, 938], [670, 939], [670, 940], [672, 942], [672, 943], [673, 944], [673, 945], [675, 947], [675, 948], [676, 949], [676, 950], [678, 952], [678, 953], [679, 954], [679, 955], [681, 957], [681, 958], [682, 959], [682, 960], [684, 962], [684, 963], [685, 964], [685, 965], [687, 967], [687, 968], [688, 969], [688, 970], [690, 972], [691, 972], [693, 974], [694, 974], [696, 976], [697, 976], [699, 978], [700, 978], [702, 980], [703, 980], [703, 975], [704, 974], [704, 971], [705, 970], [705, 967], [706, 966], [706, 963], [707, 962], [707, 949], [708, 948], [715, 948], [716, 947], [720, 947], [721, 946], [725, 946], [726, 945], [737, 945], [738, 944], [738, 941], [739, 940], [736, 937], [735, 937], [732, 934], [731, 934], [730, 933], [729, 933], [728, 932], [727, 932], [726, 931], [725, 931], [723, 929], [722, 929], [718, 925], [717, 925], [710, 918], [709, 918], [702, 911], [702, 910], [700, 908], [700, 907], [699, 906], [699, 905], [698, 904], [698, 903], [697, 902], [697, 898], [696, 897], [696, 893], [695, 892], [695, 883]]"
006.png,,1024,1024,64,screw,66,training/manipulated_front/006.png,,106.0,198.0,787.0,868.0,manipulated_front,-1,"[[157, 787], [156, 788], [154, 788], [153, 789], [152, 789], [152, 791], [151, 792], [151, 794], [150, 795], [150, 796], [144, 802], [144, 803], [138, 809], [138, 810], [132, 816], [132, 817], [126, 823], [126, 824], [120, 830], [120, 831], [114, 837], [114, 838], [110, 842], [110, 846], [109, 847], [109, 851], [108, 852], [108, 855], [107, 856], [107, 860], [106, 861], [106, 863], [109, 863], [110, 862], [115, 862], [116, 861], [151, 861], [153, 863], [153, 864], [157, 868], [158, 868], [159, 867], [161, 867], [161, 866], [162, 865], [162, 851], [163, 850], [163, 848], [164, 847], [164, 843], [165, 842], [166, 842], [169, 839], [170, 839], [172, 837], [173, 837], [173, 836], [174, 835], [174, 834], [175, 833], [175, 832], [177, 830], [177, 828], [178, 827], [178, 825], [181, 822], [182, 822], [183, 821], [184, 821], [185, 820], [186, 820], [187, 819], [188, 819], [189, 818], [190, 818], [191, 817], [192, 817], [193, 816], [194, 816], [195, 815], [196, 815], [197, 814], [198, 814], [198, 813], [196, 811], [196, 810], [195, 809], [195, 808], [194, 807], [193, 807], [189, 803], [188, 803], [185, 800], [184, 800], [182, 798], [181, 798], [179, 796], [178, 796], [177, 795], [175, 795], [174, 794], [172, 794], [171, 793], [169, 793], [168, 792], [167, 792], [166, 791], [165, 791], [164, 790], [162, 790], [161, 789], [160, 789], [159, 788], [158, 788]]"
007.png,,1024,1024,65,screw,67,training/manipulated_front/007.png,,70.0,195.0,712.0,777.0,manipulated_front,-1,"[[83, 712], [83, 713], [82, 714], [82, 715], [81, 716], [81, 717], [82, 718], [82, 749], [80, 751], [80, 752], [79, 753], [79, 754], [77, 756], [77, 757], [76, 758], [76, 759], [75, 760], [75, 761], [73, 763], [73, 764], [72, 765], [72, 766], [70, 768], [70, 769], [71, 769], [72, 770], [74, 770], [75, 771], [76, 771], [77, 772], [79, 772], [80, 773], [82, 773], [83, 774], [85, 774], [86, 775], [88, 775], [89, 776], [91, 776], [92, 777], [94, 777], [95, 776], [98, 776], [99, 775], [103, 775], [104, 774], [107, 774], [108, 773], [111, 773], [112, 772], [116, 772], [117, 771], [120, 771], [121, 770], [124, 770], [125, 769], [128, 769], [129, 768], [167, 768], [168, 769], [184, 769], [186, 767], [187, 767], [190, 764], [191, 764], [194, 761], [194, 760], [195, 759], [195, 755], [194, 754], [194, 752], [193, 751], [193, 749], [192, 748], [192, 746], [191, 745], [191, 744], [190, 743], [190, 741], [189, 740], [189, 739], [188, 738], [188, 737], [187, 736], [187, 735], [186, 734], [186, 733], [174, 733], [173, 732], [152, 732], [148, 728], [147, 728], [138, 719], [106, 719], [105, 718], [103, 718], [102, 717], [100, 717], [99, 716], [97, 716], [96, 715], [94, 715], [93, 714], [90, 714], [89, 713], [86, 713], [85, 712]]"
008.png,,1024,1024,66,screw,68,training/manipulated_front/008.png,,377.0,466.0,42.0,150.0,manipulated_front,-1,"[[411, 42], [410, 43], [410, 44], [408, 46], [408, 47], [406, 49], [406, 50], [404, 52], [404, 53], [402, 55], [402, 56], [400, 58], [400, 67], [399, 68], [380, 68], [380, 69], [379, 70], [379, 72], [378, 73], [378, 74], [377, 75], [377, 78], [378, 79], [378, 80], [385, 87], [386, 87], [389, 90], [389, 91], [392, 94], [392, 108], [393, 109], [393, 112], [395, 114], [395, 115], [397, 117], [397, 118], [398, 119], [398, 120], [400, 120], [401, 121], [401, 129], [415, 129], [416, 130], [416, 142], [417, 143], [417, 144], [418, 145], [418, 146], [419, 147], [419, 148], [420, 149], [420, 150], [433, 150], [434, 149], [435, 149], [436, 148], [464, 148], [465, 147], [465, 145], [466, 144], [466, 138], [449, 138], [448, 137], [448, 136], [447, 135], [447, 134], [446, 133], [446, 132], [445, 131], [444, 131], [443, 130], [443, 113], [442, 112], [442, 109], [441, 108], [441, 105], [440, 104], [440, 101], [439, 100], [439, 98], [438, 97], [438, 94], [437, 93], [437, 90], [436, 89], [436, 86], [435, 85], [435, 82], [434, 81], [434, 78], [433, 77], [433, 74], [432, 73], [432, 71], [431, 70], [431, 67], [430, 66], [430, 63], [429, 62], [429, 59], [428, 58], [428, 57], [425, 54], [424, 54], [417, 47], [416, 47]]"
009.png,,1024,1024,67,screw,69,training/manipulated_front/009.png,,116.0,248.0,752.0,862.0,manipulated_front,-1,"[[177, 752], [176, 753], [164, 753], [163, 754], [159, 754], [159, 755], [158, 756], [158, 777], [157, 778], [157, 779], [155, 781], [155, 782], [153, 784], [153, 785], [152, 786], [152, 787], [150, 789], [150, 790], [148, 792], [148, 793], [146, 795], [146, 796], [145, 797], [145, 798], [144, 799], [144, 801], [132, 813], [132, 814], [120, 826], [120, 827], [117, 830], [117, 832], [116, 833], [116, 854], [156, 854], [159, 857], [160, 857], [161, 858], [162, 858], [164, 860], [165, 860], [166, 861], [167, 861], [168, 862], [177, 862], [179, 860], [179, 859], [181, 857], [181, 825], [184, 822], [184, 821], [185, 820], [185, 818], [192, 811], [193, 811], [194, 810], [227, 810], [229, 812], [233, 812], [234, 811], [237, 811], [239, 809], [239, 808], [241, 806], [241, 805], [243, 803], [243, 802], [244, 801], [244, 800], [245, 799], [245, 797], [246, 796], [246, 794], [247, 793], [247, 791], [248, 790], [248, 789], [247, 788], [247, 786], [246, 785], [246, 781], [227, 781], [226, 780], [225, 780], [224, 779], [223, 779], [222, 778], [221, 778], [220, 777], [219, 777], [218, 776], [217, 776], [216, 775], [215, 775], [214, 774], [213, 774], [212, 773], [211, 773], [209, 771], [208, 771], [207, 770], [206, 770], [205, 769], [204, 769], [203, 768], [202, 768], [199, 765], [198, 765], [195, 762], [194, 762], [191, 759], [190, 759], [189, 758], [188, 758], [187, 757], [186, 757], [185, 756], [184, 756], [182, 754], [181, 754], [180, 753], [179, 753], [178, 752]]"
010.png,,1024,1024,68,screw,70,training/manipulated_front/010.png,,400.0,465.0,883.0,981.0,manipulated_front,-1,"[[455, 883], [454, 884], [453, 884], [452, 885], [450, 885], [449, 886], [448, 886], [441, 893], [440, 893], [439, 894], [438, 894], [437, 895], [435, 895], [434, 896], [432, 896], [431, 897], [429, 897], [428, 898], [427, 898], [426, 899], [424, 899], [423, 900], [421, 900], [420, 901], [419, 901], [418, 902], [401, 902], [401, 918], [400, 919], [400, 924], [402, 926], [402, 927], [405, 930], [405, 935], [406, 936], [406, 942], [407, 943], [407, 949], [408, 950], [408, 955], [409, 956], [409, 959], [411, 961], [411, 962], [413, 964], [413, 965], [414, 966], [414, 967], [416, 969], [416, 970], [418, 972], [418, 973], [419, 974], [419, 975], [421, 977], [421, 978], [422, 979], [422, 980], [423, 981], [423, 980], [424, 979], [424, 978], [425, 977], [425, 976], [426, 975], [426, 974], [427, 973], [427, 972], [428, 971], [428, 970], [430, 968], [430, 967], [431, 966], [431, 965], [432, 964], [432, 963], [433, 962], [433, 961], [435, 959], [443, 959], [444, 958], [449, 958], [450, 957], [451, 957], [452, 956], [453, 956], [454, 955], [455, 955], [456, 954], [457, 954], [458, 953], [459, 953], [463, 949], [464, 949], [465, 948], [465, 947], [464, 946], [464, 944], [463, 943], [463, 941], [461, 941], [460, 940], [460, 909], [462, 907], [462, 904], [463, 903], [463, 901], [464, 900], [464, 897], [465, 896], [464, 895], [464, 894], [462, 892], [462, 891], [460, 889], [460, 888], [456, 884], [456, 883]]"
011.png,,1024,1024,69,screw,71,training/manipulated_front/011.png,,870.0,963.0,256.0,319.0,manipulated_front,-1,"[[929, 256], [928, 257], [926, 257], [925, 258], [922, 258], [921, 259], [920, 259], [905, 274], [879, 274], [873, 280], [873, 281], [870, 284], [870, 286], [871, 286], [878, 293], [879, 293], [885, 299], [886, 299], [893, 306], [894, 306], [896, 308], [897, 308], [898, 309], [899, 309], [901, 311], [902, 311], [903, 312], [904, 312], [905, 313], [906, 313], [908, 315], [909, 315], [910, 316], [911, 316], [913, 318], [914, 318], [915, 319], [916, 319], [917, 318], [924, 318], [927, 315], [928, 315], [928, 313], [929, 312], [929, 310], [932, 307], [933, 307], [935, 305], [936, 305], [938, 303], [939, 303], [941, 301], [942, 301], [944, 299], [945, 299], [947, 297], [948, 297], [950, 295], [951, 295], [952, 294], [952, 293], [953, 292], [953, 291], [954, 290], [954, 289], [955, 288], [955, 287], [956, 286], [956, 285], [957, 284], [957, 283], [958, 282], [958, 281], [959, 280], [959, 279], [960, 278], [960, 277], [961, 276], [961, 275], [963, 273], [963, 272], [962, 272], [961, 271], [954, 271], [953, 270], [946, 270], [945, 269], [939, 269], [938, 268], [938, 266], [937, 265], [937, 258], [936, 257], [935, 257], [934, 256]]"
000.png,,1024,1024,70,screw,72,training/scratch_head/000.png,,254.0,318.0,204.0,270.0,scratch_head,-1,"[[306, 204], [305, 205], [304, 205], [302, 207], [301, 207], [299, 209], [298, 209], [296, 211], [295, 211], [293, 213], [292, 213], [289, 216], [288, 216], [285, 219], [284, 219], [282, 221], [281, 221], [278, 224], [277, 224], [273, 228], [272, 228], [269, 231], [268, 231], [264, 235], [263, 235], [259, 239], [259, 240], [255, 244], [255, 245], [254, 246], [254, 262], [255, 263], [255, 266], [256, 267], [256, 268], [257, 269], [264, 269], [265, 270], [273, 270], [274, 269], [283, 269], [284, 268], [287, 268], [288, 267], [289, 267], [290, 266], [292, 266], [293, 265], [294, 265], [297, 262], [298, 262], [301, 259], [302, 259], [305, 256], [306, 256], [310, 252], [310, 251], [311, 250], [311, 249], [312, 248], [312, 247], [313, 246], [313, 245], [314, 244], [314, 243], [315, 242], [315, 241], [316, 240], [316, 239], [317, 238], [317, 231], [318, 230], [318, 222], [317, 221], [317, 220], [315, 218], [315, 217], [313, 215], [313, 214], [311, 212], [311, 211], [309, 209], [309, 208], [308, 207], [308, 206], [307, 205], [307, 204]]"
001.png,,1024,1024,71,screw,73,training/scratch_head/001.png,,873.0,923.0,510.0,592.0,scratch_head,-1,"[[904, 510], [901, 513], [896, 513], [889, 520], [889, 521], [883, 527], [883, 528], [880, 531], [880, 533], [879, 534], [879, 535], [878, 536], [878, 538], [877, 539], [877, 540], [876, 541], [876, 542], [875, 543], [875, 547], [874, 548], [874, 552], [873, 553], [873, 560], [874, 561], [874, 563], [875, 564], [875, 567], [876, 568], [876, 570], [877, 571], [877, 573], [878, 574], [878, 575], [879, 576], [879, 577], [880, 578], [880, 579], [881, 580], [881, 582], [882, 583], [882, 584], [883, 585], [883, 586], [884, 587], [884, 588], [886, 590], [886, 591], [887, 592], [907, 592], [907, 590], [908, 589], [908, 587], [909, 586], [909, 584], [910, 583], [910, 581], [911, 580], [911, 577], [912, 576], [912, 572], [913, 571], [913, 568], [914, 567], [914, 564], [915, 563], [915, 560], [916, 559], [916, 555], [917, 554], [917, 552], [918, 551], [918, 548], [919, 547], [919, 544], [920, 543], [920, 539], [921, 538], [921, 527], [922, 526], [922, 521], [923, 520], [923, 516], [922, 515], [921, 515], [920, 514], [918, 514], [917, 513], [914, 513], [913, 512], [911, 512], [910, 511], [907, 511], [906, 510]]"
002.png,,1024,1024,72,screw,74,training/scratch_head/002.png,,248.0,317.0,209.0,282.0,scratch_head,-1,"[[299, 209], [298, 210], [294, 210], [293, 211], [290, 211], [289, 212], [288, 212], [283, 217], [283, 218], [279, 222], [278, 222], [275, 225], [274, 225], [266, 233], [266, 234], [265, 235], [265, 236], [264, 237], [264, 238], [263, 239], [263, 240], [262, 241], [262, 242], [259, 245], [259, 246], [256, 249], [256, 250], [252, 254], [252, 255], [251, 256], [251, 257], [250, 258], [250, 259], [249, 260], [249, 262], [248, 263], [248, 275], [253, 280], [254, 280], [255, 281], [256, 281], [257, 282], [259, 282], [260, 281], [263, 281], [264, 280], [266, 280], [267, 279], [268, 279], [269, 278], [271, 278], [272, 277], [273, 277], [274, 276], [278, 276], [279, 275], [285, 275], [286, 274], [287, 274], [289, 272], [290, 272], [293, 269], [294, 269], [295, 268], [295, 267], [298, 264], [298, 263], [302, 259], [302, 257], [303, 256], [303, 253], [304, 252], [304, 250], [305, 249], [305, 248], [306, 247], [306, 246], [307, 245], [307, 243], [308, 242], [308, 241], [309, 240], [309, 239], [310, 238], [310, 237], [311, 236], [311, 235], [312, 234], [312, 232], [313, 231], [313, 230], [314, 229], [314, 227], [315, 226], [315, 225], [316, 224], [316, 222], [317, 221], [317, 214], [309, 214], [308, 213], [307, 213], [306, 212], [305, 212], [303, 210], [302, 210], [301, 209]]"
003.png,,1024,1024,73,screw,75,training/scratch_head/003.png,,593.0,654.0,106.0,151.0,scratch_head,-1,"[[598, 106], [596, 108], [596, 109], [594, 111], [594, 113], [593, 114], [593, 125], [594, 126], [594, 127], [595, 128], [595, 130], [596, 131], [596, 133], [597, 134], [597, 136], [598, 137], [598, 139], [600, 141], [600, 142], [606, 148], [607, 148], [609, 150], [611, 150], [612, 151], [624, 151], [625, 150], [627, 150], [628, 149], [630, 149], [631, 148], [633, 148], [634, 147], [635, 147], [636, 146], [637, 146], [638, 145], [639, 145], [640, 144], [641, 144], [642, 143], [643, 143], [644, 142], [645, 142], [647, 140], [648, 140], [650, 138], [651, 138], [653, 136], [654, 136], [654, 135], [651, 132], [651, 131], [642, 122], [641, 122], [638, 119], [637, 119], [636, 118], [625, 118], [624, 117], [614, 117], [612, 115], [611, 115], [609, 113], [608, 113], [605, 110], [604, 110], [602, 108], [600, 108]]"
004.png,,1024,1024,74,screw,76,training/scratch_head/004.png,,663.0,746.0,195.0,253.0,scratch_head,-1,"[[693, 195], [692, 196], [683, 196], [682, 197], [680, 197], [679, 198], [677, 198], [676, 199], [674, 199], [673, 200], [671, 200], [670, 201], [668, 201], [667, 202], [665, 202], [664, 203], [663, 203], [664, 204], [664, 205], [665, 206], [665, 207], [666, 208], [666, 209], [667, 210], [667, 211], [668, 212], [668, 213], [669, 214], [669, 215], [670, 216], [670, 217], [671, 218], [671, 219], [672, 220], [672, 221], [673, 222], [673, 223], [674, 224], [674, 225], [677, 228], [677, 229], [684, 236], [684, 237], [685, 238], [686, 238], [687, 239], [688, 239], [690, 241], [691, 241], [692, 242], [693, 242], [694, 243], [695, 243], [697, 245], [698, 245], [699, 246], [700, 246], [702, 248], [703, 248], [705, 250], [706, 250], [708, 252], [712, 252], [713, 253], [725, 253], [726, 252], [734, 252], [735, 251], [740, 251], [741, 250], [742, 250], [743, 249], [745, 249], [745, 245], [746, 244], [746, 239], [745, 238], [745, 237], [743, 235], [743, 234], [742, 233], [742, 232], [740, 230], [740, 229], [738, 227], [737, 227], [736, 226], [735, 226], [729, 220], [729, 219], [721, 211], [720, 211], [714, 205], [713, 205], [710, 202], [709, 202], [707, 200], [706, 200], [705, 199], [703, 199], [702, 198], [701, 198], [700, 197], [698, 197], [697, 196], [695, 196], [694, 195]]"
005.png,,1024,1024,75,screw,77,training/scratch_head/005.png,,877.0,920.0,547.0,590.0,scratch_head,-1,"[[898, 547], [897, 548], [896, 548], [894, 550], [893, 550], [892, 551], [891, 551], [889, 553], [888, 553], [882, 559], [882, 560], [881, 561], [881, 562], [880, 563], [880, 564], [879, 565], [879, 566], [878, 567], [878, 568], [877, 569], [877, 572], [878, 573], [878, 575], [879, 576], [879, 579], [883, 583], [884, 583], [887, 586], [888, 586], [890, 588], [891, 588], [893, 590], [902, 590], [902, 589], [903, 588], [903, 587], [904, 586], [904, 585], [905, 584], [905, 583], [906, 582], [906, 581], [908, 579], [909, 579], [910, 578], [911, 578], [912, 577], [913, 577], [913, 576], [919, 570], [919, 565], [920, 564], [920, 562], [919, 561], [919, 556], [918, 555], [918, 554], [916, 552], [916, 551], [914, 549], [912, 549], [911, 548], [908, 548], [907, 547]]"
006.png,,1024,1024,76,screw,78,training/scratch_head/006.png,,303.0,373.0,802.0,858.0,scratch_head,-1,"[[310, 802], [309, 803], [308, 803], [307, 804], [306, 804], [305, 805], [304, 805], [303, 806], [303, 814], [304, 815], [304, 818], [305, 819], [305, 820], [307, 822], [307, 823], [309, 825], [309, 826], [313, 830], [314, 830], [315, 831], [316, 831], [318, 833], [319, 833], [321, 835], [322, 835], [328, 841], [328, 842], [329, 842], [331, 844], [332, 844], [337, 849], [338, 849], [339, 850], [340, 850], [341, 851], [343, 851], [344, 852], [346, 852], [347, 853], [348, 853], [349, 854], [351, 854], [352, 855], [354, 855], [355, 856], [357, 856], [358, 857], [361, 857], [362, 858], [364, 856], [365, 856], [368, 853], [369, 853], [369, 852], [370, 851], [370, 848], [371, 847], [371, 845], [372, 844], [372, 840], [373, 839], [373, 837], [372, 836], [372, 835], [371, 834], [371, 833], [370, 832], [370, 831], [369, 830], [369, 829], [368, 828], [368, 827], [367, 826], [367, 825], [366, 824], [366, 823], [361, 818], [361, 817], [360, 816], [360, 814], [359, 813], [359, 812], [358, 811], [357, 811], [356, 810], [355, 810], [354, 809], [353, 809], [351, 807], [350, 807], [349, 806], [348, 806], [347, 805], [346, 805], [345, 804], [340, 804], [339, 803], [334, 803], [333, 802]]"
007.png,,1024,1024,77,screw,79,training/scratch_head/007.png,,75.0,120.0,460.0,536.0,scratch_head,-1,"[[98, 460], [97, 461], [93, 461], [92, 462], [88, 462], [87, 463], [85, 463], [83, 465], [82, 465], [81, 466], [81, 470], [80, 471], [80, 475], [79, 476], [79, 480], [78, 481], [78, 484], [77, 485], [77, 489], [76, 490], [76, 493], [75, 494], [75, 501], [76, 502], [76, 508], [77, 509], [77, 515], [78, 516], [78, 520], [79, 521], [79, 523], [80, 524], [80, 526], [81, 527], [81, 529], [83, 531], [84, 531], [85, 532], [86, 532], [87, 533], [88, 533], [89, 534], [92, 534], [93, 535], [97, 535], [98, 536], [101, 536], [105, 532], [105, 531], [110, 526], [110, 525], [114, 521], [114, 520], [115, 519], [115, 518], [117, 516], [117, 515], [119, 513], [119, 512], [120, 511], [120, 505], [119, 504], [119, 491], [118, 490], [118, 488], [117, 487], [117, 484], [116, 483], [116, 481], [115, 480], [115, 478], [114, 477], [114, 476], [113, 475], [113, 473], [112, 472], [112, 471], [110, 469], [110, 468], [109, 467], [109, 466], [107, 464], [106, 464], [103, 461], [102, 461], [101, 460]]"
008.png,,1024,1024,78,screw,80,training/scratch_head/008.png,,197.0,261.0,263.0,331.0,scratch_head,-1,"[[250, 263], [249, 264], [239, 264], [238, 265], [237, 265], [236, 266], [235, 266], [234, 267], [233, 267], [230, 270], [229, 270], [226, 273], [225, 273], [218, 280], [218, 281], [216, 283], [216, 284], [214, 286], [214, 287], [213, 288], [213, 290], [212, 291], [212, 292], [206, 298], [206, 299], [201, 304], [201, 305], [200, 306], [199, 306], [197, 308], [197, 320], [198, 321], [198, 322], [201, 325], [201, 326], [204, 329], [207, 329], [208, 330], [212, 330], [213, 331], [215, 331], [216, 330], [220, 330], [221, 329], [225, 329], [226, 328], [228, 328], [229, 327], [231, 327], [232, 326], [234, 326], [235, 325], [236, 325], [237, 324], [238, 324], [239, 323], [240, 323], [241, 322], [242, 322], [243, 321], [244, 321], [245, 320], [246, 320], [253, 313], [253, 312], [254, 311], [254, 309], [255, 308], [255, 307], [256, 306], [256, 305], [257, 304], [257, 303], [258, 302], [258, 300], [259, 299], [259, 294], [260, 293], [260, 287], [261, 286], [261, 271], [260, 270], [260, 268], [256, 264], [251, 264]]"
009.png,,1024,1024,79,screw,81,training/scratch_head/009.png,,424.0,519.0,85.0,134.0,scratch_head,-1,"[[493, 85], [492, 86], [487, 86], [486, 87], [482, 87], [481, 88], [473, 88], [472, 89], [470, 89], [469, 90], [468, 90], [467, 91], [466, 91], [465, 92], [459, 92], [458, 93], [450, 93], [449, 94], [448, 94], [447, 95], [446, 95], [445, 96], [444, 96], [443, 97], [442, 97], [441, 98], [440, 98], [438, 100], [437, 100], [436, 101], [435, 101], [434, 102], [433, 102], [432, 103], [430, 103], [429, 104], [428, 104], [424, 108], [424, 109], [425, 110], [425, 111], [426, 112], [426, 114], [427, 114], [429, 116], [430, 116], [431, 117], [441, 117], [442, 118], [443, 118], [444, 119], [445, 119], [446, 120], [448, 120], [449, 121], [450, 121], [451, 122], [452, 122], [453, 123], [454, 123], [455, 124], [456, 124], [457, 125], [458, 125], [459, 126], [460, 126], [462, 128], [463, 128], [464, 129], [465, 129], [466, 130], [468, 130], [469, 131], [471, 131], [472, 132], [475, 132], [476, 133], [480, 133], [481, 134], [489, 134], [490, 133], [496, 133], [500, 129], [501, 129], [502, 128], [503, 128], [504, 127], [505, 127], [506, 126], [507, 126], [508, 125], [509, 125], [513, 121], [513, 120], [516, 117], [516, 116], [519, 113], [519, 108], [518, 107], [518, 90], [514, 86], [512, 86], [511, 85]]"
010.png,,1024,1024,80,screw,82,training/scratch_head/010.png,,830.0,877.0,310.0,370.0,scratch_head,-1,"[[848, 310], [847, 311], [845, 311], [841, 315], [841, 316], [839, 318], [839, 319], [838, 320], [838, 321], [837, 322], [837, 324], [836, 325], [836, 327], [835, 328], [835, 331], [834, 332], [834, 334], [833, 335], [833, 338], [832, 339], [832, 343], [831, 344], [831, 352], [830, 353], [830, 364], [831, 365], [831, 366], [834, 369], [843, 369], [844, 370], [852, 370], [853, 369], [855, 369], [856, 368], [875, 368], [875, 367], [876, 366], [876, 364], [877, 363], [877, 362], [876, 361], [876, 352], [875, 351], [875, 349], [874, 348], [874, 346], [873, 345], [873, 344], [872, 343], [872, 341], [871, 340], [871, 338], [870, 337], [870, 335], [869, 334], [869, 332], [868, 331], [868, 328], [867, 327], [867, 325], [866, 324], [866, 322], [865, 321], [865, 320], [864, 319], [864, 317], [863, 316], [863, 315], [860, 312], [859, 312], [858, 311], [857, 311], [856, 310]]"
011.png,,1024,1024,81,screw,83,training/scratch_head/011.png,,852.0,901.0,560.0,636.0,scratch_head,-1,"[[879, 560], [878, 561], [877, 561], [875, 563], [874, 563], [873, 564], [872, 564], [863, 573], [862, 573], [859, 576], [859, 577], [858, 578], [858, 579], [857, 580], [857, 581], [856, 582], [856, 583], [855, 584], [855, 585], [854, 586], [854, 589], [853, 590], [853, 593], [852, 594], [852, 615], [853, 616], [853, 621], [854, 622], [854, 625], [855, 626], [855, 628], [856, 629], [856, 631], [858, 633], [858, 634], [859, 634], [860, 635], [866, 635], [867, 636], [877, 636], [877, 635], [879, 633], [879, 632], [881, 630], [881, 629], [883, 627], [883, 626], [885, 624], [885, 623], [886, 622], [886, 621], [887, 620], [887, 619], [888, 618], [888, 617], [889, 616], [889, 614], [890, 613], [890, 612], [891, 611], [891, 609], [892, 608], [892, 607], [893, 606], [893, 604], [894, 603], [894, 602], [895, 601], [895, 597], [896, 596], [896, 590], [897, 589], [897, 588], [898, 587], [898, 586], [899, 585], [899, 583], [900, 582], [900, 577], [901, 576], [901, 571], [900, 570], [900, 569], [899, 568], [899, 566], [898, 565], [898, 564], [897, 563], [896, 563], [895, 562], [893, 562], [892, 561], [891, 561], [890, 560]]"
000.png,,1024,1024,82,screw,84,training/scratch_neck/000.png,,284.0,356.0,424.0,472.0,scratch_neck,-1,"[[302, 424], [301, 425], [299, 425], [298, 426], [297, 426], [295, 428], [294, 428], [292, 430], [291, 430], [288, 433], [288, 434], [287, 435], [287, 437], [286, 438], [286, 439], [285, 440], [285, 442], [284, 443], [284, 444], [285, 445], [285, 450], [286, 451], [286, 455], [290, 459], [291, 459], [294, 462], [295, 462], [298, 465], [301, 465], [302, 466], [304, 466], [305, 467], [307, 467], [308, 468], [311, 468], [312, 469], [314, 469], [315, 470], [319, 470], [320, 471], [328, 471], [329, 472], [335, 472], [336, 471], [343, 471], [345, 469], [346, 469], [348, 467], [349, 467], [352, 464], [352, 459], [353, 458], [353, 454], [354, 453], [354, 452], [355, 451], [355, 450], [356, 449], [356, 448], [354, 446], [354, 444], [353, 443], [353, 442], [352, 441], [352, 440], [351, 439], [351, 438], [350, 437], [350, 435], [349, 434], [349, 433], [348, 432], [348, 431], [346, 431], [345, 430], [343, 430], [342, 429], [341, 429], [340, 428], [338, 428], [337, 427], [336, 427], [335, 426], [334, 426], [333, 425], [323, 425], [322, 424]]"
001.png,,1024,1024,83,screw,85,training/scratch_neck/001.png,,323.0,423.0,392.0,497.0,scratch_neck,-1,"[[373, 392], [372, 393], [369, 393], [368, 394], [366, 394], [365, 395], [364, 395], [363, 396], [362, 396], [360, 398], [359, 398], [357, 400], [356, 400], [354, 402], [353, 402], [352, 403], [351, 403], [349, 405], [348, 405], [347, 406], [347, 407], [344, 410], [344, 411], [332, 423], [332, 424], [330, 426], [330, 427], [329, 428], [329, 429], [327, 431], [327, 432], [326, 433], [326, 435], [325, 436], [325, 440], [324, 441], [324, 446], [323, 447], [323, 452], [324, 453], [324, 456], [325, 457], [325, 460], [330, 465], [330, 466], [337, 473], [338, 473], [341, 476], [342, 476], [344, 478], [345, 478], [347, 480], [348, 480], [349, 481], [350, 481], [352, 483], [353, 483], [359, 489], [360, 489], [361, 490], [362, 490], [363, 491], [364, 491], [365, 492], [366, 492], [368, 494], [371, 494], [372, 495], [375, 495], [376, 496], [379, 496], [380, 497], [382, 497], [383, 496], [386, 496], [387, 495], [390, 495], [395, 490], [395, 489], [401, 483], [402, 483], [405, 480], [406, 480], [406, 479], [407, 478], [407, 477], [408, 476], [408, 474], [409, 473], [409, 472], [410, 471], [410, 470], [411, 469], [411, 468], [412, 467], [412, 466], [414, 464], [414, 463], [416, 461], [416, 460], [418, 458], [418, 457], [420, 455], [420, 454], [422, 452], [422, 449], [423, 448], [423, 437], [422, 436], [422, 435], [421, 434], [421, 433], [419, 431], [419, 430], [418, 429], [418, 428], [417, 427], [417, 426], [416, 425], [416, 424], [415, 423], [415, 422], [414, 421], [414, 420], [413, 419], [413, 418], [412, 417], [412, 416], [411, 415], [411, 414], [410, 413], [410, 412], [409, 411], [409, 410], [401, 402], [400, 402], [399, 401], [398, 401], [396, 399], [395, 399], [394, 398], [393, 398], [392, 397], [391, 397], [390, 396], [389, 396], [388, 395], [385, 395], [384, 394], [381, 394], [380, 393], [377, 393], [376, 392]]"
002.png,,1024,1024,84,screw,86,training/scratch_neck/002.png,,389.0,485.0,467.0,532.0,scratch_neck,-1,"[[413, 467], [412, 468], [406, 468], [405, 469], [403, 469], [401, 471], [400, 471], [399, 472], [398, 472], [396, 474], [395, 474], [394, 475], [393, 475], [393, 476], [392, 477], [392, 479], [391, 480], [391, 482], [390, 483], [390, 484], [389, 485], [389, 486], [390, 487], [390, 490], [391, 491], [391, 494], [392, 495], [392, 498], [393, 499], [393, 501], [395, 503], [396, 503], [397, 504], [398, 504], [400, 506], [401, 506], [402, 507], [403, 507], [404, 508], [405, 508], [406, 509], [407, 509], [408, 510], [410, 510], [411, 511], [413, 511], [414, 512], [416, 512], [417, 513], [419, 513], [420, 514], [447, 514], [448, 515], [449, 515], [450, 516], [451, 516], [452, 517], [453, 517], [454, 518], [456, 518], [457, 519], [458, 519], [459, 520], [460, 520], [461, 521], [462, 521], [463, 522], [464, 522], [466, 524], [467, 524], [469, 526], [470, 526], [472, 528], [473, 528], [474, 529], [475, 529], [476, 530], [479, 530], [480, 531], [484, 531], [485, 532], [484, 531], [484, 524], [483, 523], [483, 522], [482, 521], [482, 520], [481, 519], [481, 518], [480, 517], [480, 516], [476, 512], [476, 511], [469, 504], [468, 504], [464, 500], [463, 500], [461, 498], [460, 498], [459, 497], [458, 497], [457, 496], [456, 496], [455, 495], [454, 495], [453, 494], [452, 494], [451, 493], [450, 493], [449, 492], [448, 492], [443, 487], [442, 487], [440, 485], [440, 484], [439, 483], [439, 482], [438, 481], [438, 480], [437, 479], [437, 478], [436, 477], [436, 476], [434, 474], [434, 473], [432, 471], [432, 470], [431, 470], [430, 469], [427, 469], [426, 468], [422, 468], [421, 467]]"
003.png,,1024,1024,85,screw,87,training/scratch_neck/003.png,,451.0,495.0,270.0,364.0,scratch_neck,-1,"[[485, 270], [484, 271], [479, 271], [478, 272], [478, 273], [476, 275], [476, 276], [475, 277], [475, 278], [474, 279], [474, 280], [473, 281], [473, 290], [472, 291], [472, 296], [471, 297], [471, 301], [470, 302], [470, 304], [469, 305], [469, 308], [465, 312], [464, 312], [460, 316], [459, 316], [457, 318], [457, 320], [456, 321], [456, 322], [455, 323], [455, 324], [454, 325], [454, 327], [453, 328], [453, 332], [452, 333], [452, 351], [451, 352], [451, 354], [457, 360], [458, 360], [461, 363], [463, 363], [464, 364], [477, 364], [478, 363], [479, 363], [480, 362], [481, 362], [482, 361], [483, 361], [484, 360], [485, 360], [490, 355], [491, 355], [491, 353], [492, 352], [492, 350], [493, 349], [493, 347], [494, 346], [494, 344], [495, 343], [495, 328], [494, 327], [494, 325], [493, 324], [493, 323], [492, 322], [492, 320], [491, 319], [491, 318], [490, 317], [489, 317], [488, 316], [488, 271], [487, 271], [486, 270]]"
004.png,,1024,1024,86,screw,88,training/scratch_neck/004.png,,606.0,709.0,471.0,539.0,scratch_neck,-1,"[[679, 471], [678, 472], [677, 472], [676, 473], [674, 473], [673, 474], [671, 474], [669, 476], [668, 476], [664, 480], [663, 480], [660, 483], [660, 484], [659, 485], [659, 486], [658, 487], [658, 488], [657, 489], [657, 490], [648, 499], [647, 499], [645, 501], [644, 501], [643, 502], [642, 502], [641, 503], [640, 503], [639, 504], [638, 504], [636, 506], [634, 506], [633, 507], [631, 507], [630, 508], [628, 508], [627, 509], [625, 509], [624, 510], [622, 510], [621, 511], [620, 511], [619, 512], [618, 512], [617, 513], [616, 513], [615, 514], [613, 514], [612, 515], [611, 515], [610, 516], [609, 516], [608, 517], [607, 517], [606, 518], [607, 519], [607, 521], [608, 522], [608, 524], [609, 525], [609, 528], [610, 529], [610, 532], [611, 533], [611, 534], [612, 535], [612, 537], [613, 538], [613, 539], [620, 539], [621, 538], [624, 538], [625, 537], [626, 537], [627, 536], [627, 535], [629, 533], [630, 533], [631, 532], [632, 532], [633, 531], [634, 531], [635, 530], [637, 530], [638, 529], [640, 529], [641, 528], [678, 528], [679, 527], [682, 527], [683, 526], [685, 526], [686, 525], [688, 525], [689, 524], [691, 524], [692, 523], [693, 523], [694, 522], [695, 522], [696, 521], [697, 521], [698, 520], [699, 520], [700, 519], [702, 519], [703, 518], [704, 518], [709, 513], [709, 495], [708, 494], [708, 492], [707, 491], [707, 488], [705, 486], [705, 485], [704, 484], [704, 483], [702, 481], [702, 480], [697, 475], [697, 474], [696, 474], [695, 473], [689, 473], [688, 472], [680, 472]]"
005.png,,1024,1024,87,screw,89,training/scratch_neck/005.png,,679.0,721.0,635.0,687.0,scratch_neck,-1,"[[686, 635], [685, 636], [683, 636], [682, 637], [682, 638], [681, 639], [681, 641], [680, 642], [680, 644], [679, 645], [679, 647], [680, 648], [680, 649], [681, 650], [681, 651], [682, 652], [682, 653], [683, 654], [683, 655], [686, 658], [686, 659], [688, 661], [688, 662], [690, 664], [690, 665], [693, 668], [694, 668], [695, 669], [697, 669], [698, 670], [699, 670], [708, 679], [708, 680], [709, 681], [709, 682], [710, 683], [710, 685], [711, 686], [711, 687], [711, 686], [714, 683], [715, 683], [717, 681], [717, 680], [718, 679], [718, 678], [719, 677], [719, 676], [720, 675], [720, 670], [721, 669], [721, 664], [720, 663], [720, 659], [719, 658], [719, 655], [717, 653], [717, 652], [711, 646], [711, 645], [710, 644], [709, 644], [704, 639], [703, 639], [702, 638], [700, 638], [699, 637], [696, 637], [695, 636], [693, 636], [692, 635]]"
005.png,,1024,1024,87,screw,90,training/scratch_neck/005.png,,551.0,593.0,552.0,583.0,scratch_neck,-1,"[[557, 552], [556, 553], [556, 554], [552, 558], [552, 559], [551, 560], [552, 561], [552, 563], [553, 564], [553, 565], [559, 571], [560, 571], [562, 573], [563, 573], [565, 575], [566, 575], [568, 577], [568, 578], [571, 581], [576, 581], [577, 582], [579, 582], [580, 583], [583, 583], [584, 582], [586, 582], [587, 581], [589, 581], [591, 579], [591, 578], [593, 576], [593, 574], [592, 573], [592, 572], [591, 571], [591, 569], [590, 568], [590, 567], [579, 556], [577, 556], [576, 555], [574, 555], [573, 554], [572, 554], [571, 553], [569, 553], [568, 552]]"
006.png,,1024,1024,88,screw,91,training/scratch_neck/006.png,,470.0,519.0,770.0,837.0,scratch_neck,-1,"[[493, 770], [492, 771], [489, 771], [488, 772], [486, 772], [483, 775], [482, 775], [480, 777], [480, 778], [479, 779], [479, 780], [478, 781], [478, 783], [477, 784], [477, 785], [476, 786], [476, 787], [475, 788], [475, 790], [474, 791], [474, 818], [473, 819], [473, 820], [472, 821], [472, 822], [471, 823], [471, 826], [470, 827], [470, 836], [472, 836], [473, 837], [489, 837], [490, 836], [496, 836], [497, 835], [498, 835], [500, 833], [501, 833], [502, 832], [503, 832], [504, 831], [504, 830], [506, 828], [506, 827], [509, 824], [509, 823], [510, 822], [510, 821], [511, 820], [511, 819], [513, 817], [513, 816], [514, 815], [514, 814], [515, 813], [515, 812], [516, 811], [516, 810], [517, 809], [517, 808], [518, 807], [518, 803], [519, 802], [519, 789], [518, 788], [518, 786], [517, 785], [517, 784], [516, 783], [516, 782], [512, 778], [512, 777], [510, 775], [509, 775], [508, 774], [507, 774], [506, 773], [505, 773], [504, 772], [503, 772], [502, 771], [496, 771], [495, 770]]"
006.png,,1024,1024,88,screw,92,training/scratch_neck/006.png,,477.0,523.0,623.0,677.0,scratch_neck,-1,"[[486, 623], [486, 624], [485, 625], [485, 626], [483, 628], [483, 629], [481, 631], [481, 632], [479, 634], [479, 635], [478, 636], [478, 638], [477, 639], [477, 655], [478, 656], [478, 658], [479, 659], [479, 662], [480, 663], [480, 665], [481, 666], [481, 669], [482, 670], [482, 672], [483, 673], [483, 674], [485, 676], [490, 676], [491, 677], [507, 677], [508, 676], [511, 676], [512, 675], [512, 674], [513, 673], [513, 672], [514, 671], [514, 670], [518, 666], [518, 665], [521, 662], [521, 661], [522, 660], [522, 658], [523, 657], [523, 650], [522, 649], [522, 646], [521, 645], [521, 642], [520, 641], [520, 638], [519, 637], [519, 634], [518, 633], [518, 632], [516, 630], [516, 629], [515, 628], [515, 627], [514, 626], [513, 626], [512, 625], [511, 625], [510, 624], [508, 624], [507, 623]]"
007.png,,1024,1024,89,screw,93,training/scratch_neck/007.png,,469.0,531.0,662.0,724.0,scratch_neck,-1,"[[503, 662], [502, 663], [493, 663], [492, 664], [491, 664], [490, 665], [489, 665], [488, 666], [487, 666], [486, 667], [485, 667], [482, 670], [481, 670], [478, 673], [477, 673], [476, 674], [476, 675], [475, 676], [475, 677], [474, 678], [474, 679], [473, 680], [473, 681], [472, 682], [472, 684], [471, 685], [471, 687], [470, 688], [470, 691], [469, 692], [469, 694], [470, 695], [470, 698], [471, 699], [471, 703], [472, 704], [472, 705], [473, 706], [473, 707], [474, 708], [474, 709], [476, 711], [476, 712], [480, 716], [481, 716], [483, 718], [484, 718], [486, 720], [487, 720], [488, 721], [489, 721], [490, 722], [493, 722], [494, 723], [497, 723], [498, 724], [510, 724], [512, 722], [513, 722], [514, 721], [515, 721], [517, 719], [518, 719], [519, 718], [519, 717], [525, 711], [525, 710], [526, 709], [526, 708], [527, 707], [527, 706], [528, 705], [528, 703], [529, 702], [529, 701], [530, 700], [530, 698], [531, 697], [531, 681], [530, 680], [530, 679], [529, 678], [529, 677], [528, 676], [528, 675], [527, 674], [527, 673], [526, 672], [526, 671], [525, 671], [524, 670], [523, 670], [521, 668], [520, 668], [519, 667], [518, 667], [517, 666], [515, 666], [514, 665], [511, 665], [510, 664], [508, 664], [507, 663], [504, 663]]"
008.png,,1024,1024,90,screw,94,training/scratch_neck/008.png,,295.0,400.0,495.0,549.0,scratch_neck,-1,"[[322, 495], [321, 496], [315, 496], [314, 497], [312, 497], [311, 498], [310, 498], [308, 500], [307, 500], [298, 509], [298, 510], [296, 512], [296, 521], [295, 522], [295, 524], [296, 525], [296, 528], [297, 529], [297, 531], [298, 532], [298, 534], [299, 535], [299, 536], [302, 539], [302, 540], [305, 543], [306, 543], [307, 544], [310, 544], [311, 545], [313, 545], [314, 546], [317, 546], [318, 547], [320, 547], [321, 548], [323, 548], [324, 549], [336, 549], [337, 548], [340, 548], [341, 547], [344, 547], [345, 546], [346, 546], [347, 545], [348, 545], [349, 544], [350, 544], [351, 543], [352, 543], [353, 542], [381, 542], [382, 541], [385, 541], [386, 540], [391, 540], [391, 539], [392, 538], [392, 537], [393, 536], [393, 535], [394, 534], [394, 533], [395, 532], [395, 531], [396, 530], [396, 529], [397, 528], [397, 527], [398, 526], [398, 523], [399, 522], [399, 520], [400, 519], [400, 514], [399, 513], [399, 512], [398, 511], [398, 509], [389, 500], [388, 500], [387, 499], [386, 499], [385, 498], [384, 498], [383, 497], [381, 497], [380, 498], [344, 498], [342, 496], [341, 496], [340, 495]]"
009.png,,1024,1024,91,screw,95,training/scratch_neck/009.png,,330.0,389.0,488.0,544.0,scratch_neck,-1,"[[355, 488], [354, 489], [352, 489], [351, 490], [350, 490], [348, 492], [347, 492], [343, 496], [342, 496], [341, 497], [340, 497], [338, 499], [337, 499], [336, 500], [335, 500], [330, 505], [330, 517], [333, 520], [333, 521], [336, 524], [336, 525], [339, 528], [339, 529], [342, 532], [342, 533], [347, 538], [348, 538], [351, 541], [352, 541], [353, 542], [356, 542], [357, 543], [360, 543], [361, 544], [362, 544], [363, 543], [364, 543], [365, 542], [367, 542], [368, 541], [377, 541], [379, 539], [380, 539], [383, 536], [384, 536], [384, 534], [385, 533], [385, 532], [386, 531], [386, 530], [387, 529], [387, 516], [388, 515], [388, 512], [389, 511], [389, 502], [388, 501], [388, 500], [383, 495], [382, 495], [381, 494], [380, 494], [379, 493], [378, 493], [377, 492], [376, 492], [375, 491], [374, 491], [373, 490], [371, 490], [370, 489], [366, 489], [365, 488]]"
010.png,,1024,1024,92,screw,96,training/scratch_neck/010.png,,394.0,495.0,381.0,484.0,scratch_neck,-1,"[[419, 381], [418, 382], [414, 382], [413, 383], [411, 383], [410, 384], [408, 384], [407, 385], [405, 385], [404, 386], [403, 386], [394, 395], [395, 396], [395, 398], [396, 399], [396, 401], [398, 403], [398, 404], [400, 406], [400, 407], [402, 409], [402, 410], [407, 415], [407, 416], [414, 423], [414, 424], [428, 438], [428, 439], [431, 442], [431, 443], [433, 445], [433, 446], [434, 447], [434, 448], [435, 449], [435, 450], [436, 451], [436, 452], [437, 453], [437, 454], [438, 455], [438, 456], [439, 457], [439, 458], [440, 459], [440, 461], [441, 462], [441, 464], [442, 465], [442, 467], [443, 468], [443, 469], [445, 471], [446, 471], [447, 472], [448, 472], [449, 473], [450, 473], [451, 474], [453, 474], [460, 481], [462, 481], [463, 482], [465, 482], [466, 483], [467, 483], [468, 484], [478, 484], [479, 483], [484, 483], [491, 476], [491, 474], [492, 473], [492, 471], [493, 470], [493, 452], [494, 451], [494, 449], [495, 448], [495, 443], [494, 443], [492, 441], [488, 441], [487, 440], [487, 437], [482, 432], [477, 432], [476, 431], [467, 431], [466, 430], [464, 430], [463, 429], [461, 429], [460, 428], [458, 428], [457, 427], [456, 427], [455, 426], [455, 425], [454, 424], [454, 423], [453, 422], [453, 421], [452, 420], [452, 419], [451, 418], [451, 417], [448, 414], [447, 414], [445, 412], [445, 411], [443, 409], [443, 408], [441, 406], [441, 405], [436, 400], [436, 399], [431, 394], [431, 393], [426, 388], [426, 387], [422, 383], [422, 382], [421, 381]]"
011.png,,1024,1024,93,screw,97,training/scratch_neck/011.png,,501.0,546.0,397.0,446.0,scratch_neck,-1,"[[524, 397], [523, 398], [522, 398], [521, 399], [520, 399], [518, 401], [515, 401], [514, 402], [511, 402], [510, 403], [510, 404], [509, 405], [509, 406], [507, 408], [507, 409], [506, 410], [506, 411], [505, 412], [505, 413], [504, 414], [504, 415], [503, 416], [503, 419], [502, 420], [502, 423], [501, 424], [501, 427], [502, 428], [502, 430], [503, 431], [503, 432], [504, 433], [504, 435], [510, 441], [512, 441], [513, 442], [514, 442], [515, 443], [516, 443], [517, 444], [520, 444], [521, 445], [522, 445], [523, 446], [526, 443], [527, 443], [530, 440], [531, 440], [540, 431], [540, 430], [545, 425], [545, 422], [546, 421], [546, 413], [545, 412], [545, 408], [544, 407], [544, 406], [542, 404], [542, 403], [541, 402], [541, 401], [540, 401], [539, 400], [538, 400], [537, 399], [534, 399], [533, 398], [525, 398]]"
012.png,,1024,1024,94,screw,98,training/scratch_neck/012.png,,402.0,470.0,468.0,535.0,scratch_neck,-1,"[[437, 468], [436, 469], [426, 469], [425, 470], [424, 470], [423, 471], [422, 471], [420, 473], [419, 473], [418, 474], [417, 474], [414, 477], [413, 477], [410, 480], [410, 481], [408, 483], [408, 484], [405, 487], [405, 488], [404, 489], [404, 490], [402, 492], [402, 499], [403, 500], [403, 502], [404, 503], [404, 506], [405, 507], [405, 508], [407, 510], [407, 511], [410, 514], [410, 515], [415, 520], [415, 521], [418, 524], [418, 525], [420, 527], [420, 528], [421, 529], [423, 529], [424, 530], [425, 530], [426, 531], [428, 531], [429, 532], [430, 532], [431, 533], [433, 533], [434, 534], [436, 534], [437, 535], [444, 535], [445, 534], [456, 534], [457, 533], [458, 533], [460, 531], [461, 531], [462, 530], [463, 530], [463, 528], [464, 527], [464, 525], [465, 524], [465, 523], [466, 522], [466, 520], [467, 519], [467, 517], [468, 516], [468, 514], [469, 513], [469, 510], [470, 509], [470, 497], [469, 496], [469, 492], [468, 491], [468, 489], [467, 488], [467, 487], [466, 486], [466, 485], [465, 484], [465, 483], [464, 483], [460, 479], [459, 479], [452, 472], [451, 472], [449, 470], [448, 470], [447, 469], [446, 469], [445, 468]]"
000.png,,1024,1024,95,screw,99,training/thread_side/000.png,,619.0,641.0,383.0,408.0,thread_side,-1,"[[635, 383], [634, 384], [632, 384], [631, 385], [630, 385], [629, 386], [627, 386], [626, 387], [625, 387], [624, 388], [622, 388], [621, 389], [620, 389], [620, 392], [619, 393], [619, 398], [620, 399], [620, 402], [621, 403], [621, 404], [622, 405], [622, 406], [624, 408], [626, 406], [627, 406], [628, 405], [629, 405], [631, 403], [632, 403], [634, 401], [635, 401], [640, 396], [640, 393], [641, 392], [641, 383]]"
000.png,,1024,1024,95,screw,100,training/thread_side/000.png,,620.0,655.0,317.0,346.0,thread_side,-1,"[[634, 317], [633, 318], [633, 319], [628, 324], [628, 325], [626, 327], [625, 327], [622, 330], [621, 330], [620, 331], [620, 335], [621, 336], [621, 338], [622, 338], [625, 341], [626, 341], [627, 342], [628, 342], [629, 343], [629, 346], [630, 346], [631, 345], [634, 345], [635, 344], [639, 344], [640, 343], [645, 343], [646, 342], [651, 342], [652, 341], [653, 341], [654, 340], [654, 335], [655, 334], [655, 333], [654, 332], [654, 331], [652, 329], [652, 328], [651, 327], [651, 326], [649, 324], [649, 323], [647, 323], [646, 322], [645, 322], [644, 321], [643, 321], [642, 320], [640, 320], [639, 319], [638, 319], [637, 318], [636, 318], [635, 317]]"
000.png,,1024,1024,95,screw,101,training/thread_side/000.png,,629.0,660.0,256.0,277.0,thread_side,-1,"[[655, 256], [654, 257], [649, 257], [648, 258], [641, 258], [640, 259], [635, 259], [631, 263], [631, 264], [629, 266], [629, 267], [630, 268], [630, 269], [631, 270], [631, 271], [632, 272], [632, 273], [633, 274], [633, 275], [634, 276], [635, 276], [636, 277], [637, 277], [638, 276], [641, 276], [642, 275], [644, 275], [645, 274], [649, 274], [650, 273], [651, 273], [652, 272], [653, 272], [654, 271], [655, 271], [658, 268], [658, 267], [659, 266], [659, 265], [660, 264], [660, 257], [658, 257], [657, 256]]"
001.png,,1024,1024,96,screw,102,training/thread_side/001.png,,219.0,262.0,475.0,502.0,thread_side,-1,"[[239, 475], [238, 476], [234, 476], [232, 478], [231, 478], [228, 481], [227, 481], [219, 489], [219, 490], [223, 494], [225, 494], [226, 495], [228, 495], [229, 496], [231, 496], [232, 497], [234, 497], [235, 498], [236, 498], [237, 499], [237, 502], [238, 501], [243, 501], [244, 500], [247, 500], [248, 499], [250, 499], [251, 498], [253, 498], [254, 497], [255, 497], [262, 490], [262, 486], [261, 485], [261, 484], [260, 483], [260, 482], [259, 481], [258, 481], [256, 479], [254, 479], [253, 478], [251, 478], [250, 477], [248, 477], [247, 476], [245, 476], [244, 475]]"
001.png,,1024,1024,96,screw,103,training/thread_side/001.png,,561.0,676.0,463.0,525.0,thread_side,-1,"[[638, 463], [637, 464], [625, 464], [624, 465], [622, 465], [621, 466], [620, 466], [618, 468], [617, 468], [616, 469], [615, 469], [613, 471], [612, 471], [611, 472], [610, 472], [608, 474], [607, 474], [606, 475], [605, 475], [603, 477], [602, 477], [601, 478], [600, 478], [599, 479], [598, 479], [596, 481], [595, 481], [594, 482], [593, 482], [591, 484], [590, 484], [589, 485], [588, 485], [586, 487], [585, 487], [584, 488], [583, 488], [582, 489], [581, 489], [579, 491], [578, 491], [577, 492], [576, 492], [574, 494], [573, 494], [572, 495], [571, 495], [569, 497], [568, 497], [566, 499], [565, 499], [561, 503], [561, 505], [562, 506], [562, 507], [563, 508], [563, 525], [564, 524], [565, 524], [566, 523], [567, 523], [568, 522], [569, 522], [570, 521], [571, 521], [581, 511], [581, 510], [584, 507], [584, 506], [587, 503], [587, 502], [593, 496], [594, 496], [597, 493], [598, 493], [599, 492], [600, 492], [601, 491], [634, 491], [635, 492], [636, 492], [637, 493], [638, 493], [639, 494], [640, 494], [641, 495], [642, 495], [643, 496], [644, 496], [645, 497], [646, 497], [647, 498], [648, 498], [649, 499], [655, 499], [656, 500], [662, 500], [663, 501], [668, 501], [672, 497], [672, 489], [674, 487], [675, 487], [676, 486], [675, 485], [675, 478], [673, 476], [672, 476], [671, 475], [670, 475], [668, 473], [667, 473], [666, 472], [665, 472], [663, 470], [662, 470], [661, 469], [660, 469], [658, 467], [657, 467], [656, 466], [655, 466], [653, 464], [652, 464], [651, 463]]"
001.png,,1024,1024,96,screw,104,training/thread_side/001.png,,400.0,498.0,436.0,472.0,thread_side,-1,"[[409, 436], [408, 437], [407, 437], [406, 438], [406, 439], [404, 441], [404, 442], [401, 445], [401, 447], [400, 448], [400, 463], [407, 463], [408, 464], [415, 464], [416, 465], [422, 465], [423, 466], [430, 466], [431, 467], [437, 467], [438, 468], [445, 468], [446, 469], [486, 469], [487, 470], [488, 470], [490, 472], [493, 472], [494, 471], [496, 471], [497, 470], [497, 463], [498, 462], [497, 461], [497, 460], [496, 459], [496, 458], [495, 457], [495, 456], [494, 455], [494, 454], [492, 452], [492, 451], [491, 450], [491, 449], [490, 448], [490, 447], [489, 446], [489, 445], [487, 443], [484, 443], [483, 442], [480, 442], [479, 441], [476, 441], [475, 440], [471, 440], [470, 441], [469, 441], [468, 442], [428, 442], [422, 436]]"
002.png,,1024,1024,97,screw,105,training/thread_side/002.png,,532.0,597.0,642.0,747.0,thread_side,-1,"[[552, 642], [551, 643], [550, 643], [549, 644], [547, 644], [546, 645], [545, 645], [544, 646], [542, 646], [541, 647], [540, 647], [539, 648], [537, 648], [536, 649], [534, 649], [533, 650], [532, 650], [532, 665], [533, 666], [533, 667], [534, 668], [535, 668], [537, 670], [538, 670], [539, 671], [540, 671], [542, 673], [564, 673], [566, 675], [566, 708], [563, 711], [562, 711], [560, 713], [559, 713], [556, 716], [555, 716], [552, 719], [551, 719], [550, 720], [550, 730], [554, 734], [555, 734], [556, 735], [572, 735], [573, 736], [573, 747], [574, 746], [575, 746], [577, 744], [578, 744], [580, 742], [581, 742], [583, 740], [584, 740], [587, 737], [587, 736], [589, 734], [589, 733], [591, 731], [591, 730], [593, 728], [593, 727], [595, 725], [595, 724], [596, 723], [596, 722], [597, 721], [590, 714], [590, 713], [584, 707], [584, 695], [583, 694], [583, 689], [582, 688], [582, 687], [581, 686], [581, 685], [580, 684], [580, 683], [579, 682], [579, 681], [578, 680], [578, 679], [577, 678], [577, 677], [576, 676], [576, 675], [575, 674], [575, 673], [574, 672], [574, 671], [573, 670], [573, 669], [572, 668], [572, 667], [571, 666], [571, 665], [570, 664], [570, 663], [569, 662], [569, 661], [568, 660], [568, 659], [567, 658], [567, 657], [566, 656], [566, 655], [564, 653], [564, 652], [554, 642]]"
003.png,,1024,1024,98,screw,106,training/thread_side/003.png,,332.0,430.0,612.0,652.0,thread_side,-1,"[[412, 612], [411, 613], [411, 614], [410, 615], [410, 616], [409, 617], [376, 617], [375, 618], [366, 618], [365, 619], [360, 619], [359, 620], [358, 620], [352, 626], [352, 627], [350, 629], [344, 629], [343, 630], [340, 630], [340, 631], [337, 634], [337, 635], [334, 638], [334, 640], [333, 641], [333, 642], [332, 643], [332, 645], [333, 646], [334, 646], [335, 647], [336, 647], [337, 648], [339, 648], [340, 649], [341, 649], [342, 650], [344, 650], [345, 651], [346, 651], [347, 652], [348, 652], [348, 632], [349, 631], [352, 631], [353, 630], [361, 630], [362, 629], [396, 629], [407, 640], [408, 640], [411, 643], [411, 642], [412, 641], [412, 640], [413, 639], [413, 638], [414, 637], [414, 636], [415, 635], [428, 635], [428, 633], [429, 632], [429, 630], [430, 629], [430, 618], [429, 618], [428, 617], [427, 617], [426, 616], [425, 616], [424, 615], [422, 615], [421, 614], [419, 614], [418, 613], [416, 613], [415, 612]]"
003.png,,1024,1024,98,screw,107,training/thread_side/003.png,,668.0,696.0,531.0,564.0,thread_side,-1,"[[680, 531], [679, 532], [676, 532], [668, 540], [668, 553], [669, 553], [673, 557], [674, 557], [678, 561], [679, 561], [681, 563], [681, 564], [685, 564], [686, 563], [690, 563], [694, 559], [694, 556], [695, 555], [695, 546], [696, 545], [696, 544], [695, 543], [695, 541], [694, 540], [694, 539], [693, 538], [693, 536], [692, 535], [692, 534], [691, 534], [690, 533], [689, 533], [688, 532], [686, 532], [685, 531]]"
004.png,,1024,1024,99,screw,108,training/thread_side/004.png,,700.0,813.0,278.0,410.0,thread_side,-1,"[[801.0, 278.0], [800.0, 279.0], [799.0, 279.0], [798.0, 280.0], [796.0, 280.0], [795.0, 281.0], [794.0, 281.0], [793.0, 282.0], [792.0, 282.0], [791.0, 283.0], [790.0, 283.0], [789.0, 284.0], [788.0, 284.0], [786.0, 286.0], [785.0, 286.0], [783.0, 288.0], [782.0, 288.0], [780.0, 290.0], [779.0, 290.0], [778.0, 291.0], [777.0, 291.0], [775.0, 293.0], [774.0, 293.0], [773.0, 294.0], [772.0, 294.0], [771.0, 295.0], [770.0, 295.0], [770.0, 296.0], [769.0, 297.0], [769.0, 298.0], [768.0, 299.0], [768.0, 300.0], [767.0, 301.0], [767.0, 302.0], [766.0, 303.0], [766.0, 304.0], [765.0, 305.0], [765.0, 306.0], [764.0, 307.0], [764.0, 308.0], [763.0, 309.0], [763.0, 310.0], [762.0, 311.0], [762.0, 312.0], [761.0, 313.0], [761.0, 314.0], [760.0, 315.0], [760.0, 316.0], [759.0, 317.0], [759.0, 318.0], [758.0, 319.0], [758.0, 320.0], [757.0, 321.0], [757.0, 322.0], [752.0, 327.0], [752.0, 341.0], [750.0, 343.0], [750.0, 344.0], [742.0, 352.0], [742.0, 357.0], [704.6666666666666, 386.6666666666667], [705.3333333333334, 398.0], [700.0, 410.0], [714.0, 406.0], [716.6666666666666, 394.0], [708.0, 402.0], [759.0, 354.0], [754.0, 350.6666666666667], [763.0, 353.0], [764.0, 352.0], [767.0, 352.0], [768.0, 351.0], [771.0, 351.0], [771.0, 350.0], [769.0, 348.0], [769.0, 347.0], [767.0, 345.0], [767.0, 344.0], [766.0, 343.0], [766.0, 311.0], [767.0, 310.0], [767.0, 309.0], [768.0, 308.0], [768.0, 307.0], [769.0, 306.0], [769.0, 305.0], [771.0, 303.0], [771.0, 302.0], [772.0, 301.0], [772.0, 300.0], [774.0, 298.0], [774.0, 297.0], [776.0, 295.0], [788.0, 295.0], [789.0, 294.0], [802.0, 294.0], [803.0, 293.0], [813.0, 293.0], [812.0, 292.0], [812.0, 291.0], [810.0, 289.0], [810.0, 288.0], [809.0, 287.0], [809.0, 286.0], [807.0, 284.0], [807.0, 283.0], [805.0, 281.0], [805.0, 280.0], [804.0, 279.0], [804.0, 278.0]]"
005.png,,1024,1024,100,screw,109,training/thread_side/005.png,,638.0,723.0,555.0,638.0,thread_side,-1,"[[640, 555], [640, 556], [639, 557], [639, 560], [638, 561], [638, 574], [639, 575], [639, 590], [640, 591], [640, 596], [641, 597], [641, 599], [642, 600], [642, 602], [643, 603], [643, 605], [644, 606], [644, 607], [656, 619], [657, 619], [658, 620], [659, 620], [661, 622], [662, 622], [664, 624], [665, 624], [667, 626], [669, 626], [670, 627], [671, 627], [672, 628], [674, 628], [675, 629], [676, 629], [677, 630], [679, 630], [680, 631], [681, 631], [682, 632], [684, 632], [685, 633], [687, 633], [688, 634], [690, 634], [691, 635], [693, 635], [694, 636], [696, 636], [697, 637], [698, 637], [699, 638], [705, 638], [706, 637], [709, 637], [710, 636], [713, 636], [714, 635], [717, 635], [718, 634], [718, 633], [720, 631], [720, 630], [722, 628], [722, 627], [723, 626], [723, 620], [722, 619], [722, 614], [721, 613], [721, 609], [720, 608], [720, 603], [719, 603], [716, 606], [715, 606], [714, 607], [682, 607], [677, 602], [677, 601], [670, 594], [670, 593], [669, 592], [669, 568], [643, 568], [642, 567], [642, 564], [641, 563], [641, 560], [640, 559]]"
006.png,,1024,1024,101,screw,110,training/thread_side/006.png,,548.0,704.0,486.0,628.0,thread_side,-1,"[[553, 486], [553, 488], [552, 489], [552, 492], [551, 493], [551, 495], [550, 496], [550, 499], [549, 500], [549, 502], [548, 503], [548, 508], [549, 509], [549, 511], [550, 512], [550, 513], [551, 514], [551, 516], [552, 517], [552, 518], [553, 519], [553, 521], [554, 522], [554, 523], [555, 524], [555, 526], [556, 527], [556, 528], [557, 529], [557, 530], [558, 531], [558, 533], [559, 534], [559, 535], [560, 536], [560, 538], [561, 539], [561, 540], [562, 541], [562, 543], [563, 544], [563, 545], [565, 547], [565, 548], [568, 551], [568, 552], [571, 555], [571, 556], [575, 560], [576, 560], [577, 561], [578, 561], [580, 563], [581, 563], [583, 565], [584, 565], [585, 566], [586, 566], [588, 568], [589, 568], [591, 570], [592, 570], [593, 571], [594, 571], [596, 573], [597, 573], [599, 575], [600, 575], [601, 576], [602, 576], [604, 578], [606, 578], [607, 579], [615, 579], [616, 580], [624, 580], [632, 588], [635, 588], [636, 589], [639, 589], [640, 590], [643, 590], [644, 591], [647, 591], [648, 592], [651, 592], [659, 600], [660, 600], [669, 609], [670, 609], [678, 617], [679, 617], [688, 626], [689, 626], [691, 628], [694, 628], [695, 627], [697, 627], [698, 626], [700, 626], [702, 624], [702, 623], [703, 622], [703, 621], [704, 620], [703, 619], [697, 619], [696, 618], [683, 618], [681, 616], [681, 585], [682, 584], [682, 583], [683, 582], [683, 581], [684, 580], [684, 579], [685, 578], [672, 578], [671, 579], [639, 579], [638, 578], [637, 578], [636, 577], [634, 577], [632, 575], [632, 542], [633, 541], [633, 539], [601, 539], [596, 534], [596, 533], [587, 524], [587, 523], [585, 521], [585, 512], [584, 511], [584, 503], [583, 502], [575, 502], [574, 501], [568, 501]]"
007.png,,1024,1024,102,screw,111,training/thread_side/007.png,,567.0,609.0,542.0,590.0,scratch_neck,-1,"[[578.0, 542.0], [576.0, 544.0], [575.0, 544.0], [567.0, 552.0], [567.0, 553.0], [572.0, 558.0], [573.0, 558.0], [580.0, 565.0], [581.0, 565.0], [583.0, 567.0], [583.0, 568.0], [588.0, 573.0], [588.0, 574.0], [593.0, 579.0], [593.0, 580.0], [597.0, 584.0], [598.0, 584.0], [604.0, 590.0], [605.0, 590.0], [605.0, 589.0], [606.0, 588.0], [606.0, 587.0], [609.0, 584.0], [609.0, 575.0], [608.0, 574.0], [608.0, 573.0], [606.0, 571.0], [606.0, 570.0], [605.0, 569.0], [605.0, 568.0], [604.0, 567.0], [604.0, 566.0], [603.0, 565.0], [603.0, 564.0], [602.0, 563.0], [602.0, 561.0], [601.0, 560.0], [601.0, 558.0], [600.0, 557.0], [600.0, 554.0], [599.0, 553.0], [599.0, 551.0], [592.0, 551.0], [590.0, 549.0], [590.0, 548.0], [587.0, 545.0], [587.0, 544.0], [586.0, 543.0], [583.0, 543.0], [582.0, 542.0]]"
007.png,,1024,1024,102,screw,112,training/thread_side/007.png,,307.0,400.0,271.0,341.0,thread_side,-1,"[[320.0, 271.0], [319.0, 272.0], [318.0, 272.0], [313.0, 277.0], [313.0, 278.0], [311.0, 280.0], [311.0, 281.0], [310.0, 282.0], [310.0, 284.0], [309.0, 285.0], [309.0, 290.0], [308.0, 291.0], [308.0, 295.0], [307.0, 296.0], [307.0, 307.0], [308.0, 308.0], [308.0, 313.0], [309.0, 314.0], [309.0, 315.0], [310.0, 316.0], [310.0, 317.0], [311.0, 318.0], [311.0, 319.0], [312.0, 320.0], [312.0, 321.0], [313.0, 321.0], [314.0, 322.0], [322.0, 322.0], [323.0, 323.0], [328.0, 323.0], [329.0, 324.0], [330.0, 324.0], [331.0, 325.0], [332.0, 325.0], [333.0, 326.0], [334.0, 326.0], [335.0, 327.0], [336.0, 327.0], [337.0, 328.0], [338.0, 328.0], [339.0, 329.0], [340.0, 329.0], [341.0, 330.0], [342.0, 330.0], [343.0, 331.0], [344.0, 331.0], [345.0, 332.0], [346.0, 332.0], [347.0, 333.0], [349.0, 333.0], [350.0, 334.0], [352.0, 334.0], [353.0, 335.0], [356.0, 335.0], [357.0, 336.0], [360.0, 336.0], [361.0, 337.0], [363.0, 337.0], [364.0, 338.0], [366.0, 338.0], [367.0, 339.0], [370.0, 339.0], [371.0, 340.0], [373.0, 340.0], [374.0, 341.0], [375.0, 341.0], [376.0, 340.0], [388.0, 340.0], [389.0, 339.0], [391.0, 339.0], [392.0, 338.0], [393.0, 338.0], [394.0, 337.0], [396.0, 337.0], [397.0, 336.0], [398.0, 336.0], [400.0, 334.0], [400.0, 320.0], [399.0, 319.0], [399.0, 318.0], [397.0, 316.0], [397.0, 315.0], [394.0, 312.0], [394.0, 311.0], [391.0, 308.0], [391.0, 307.0], [390.0, 308.0], [389.0, 308.0], [388.0, 309.0], [387.0, 309.0], [386.0, 310.0], [385.0, 310.0], [383.0, 312.0], [350.0, 312.0], [348.0, 310.0], [347.0, 310.0], [346.0, 309.0], [345.0, 309.0], [343.0, 307.0], [342.0, 307.0], [341.0, 306.0], [340.0, 306.0], [339.0, 305.0], [339.0, 293.0], [338.0, 292.0], [338.0, 289.0], [336.0, 287.0], [336.0, 286.0], [335.0, 285.0], [335.0, 284.0], [333.0, 282.0], [333.0, 281.0], [329.0, 277.0], [329.0, 276.0], [326.0, 273.0], [326.0, 272.0], [322.0, 272.0], [321.0, 271.0]]"
008.png,,1024,1024,103,screw,113,training/thread_side/008.png,,505.0,596.0,497.0,563.0,thread_side,-1,"[[508, 497], [507, 498], [507, 505], [506, 506], [506, 514], [505, 515], [505, 519], [506, 520], [506, 521], [507, 522], [507, 524], [508, 525], [508, 527], [509, 528], [509, 530], [510, 531], [511, 531], [514, 534], [515, 534], [518, 537], [519, 537], [522, 540], [523, 540], [524, 541], [525, 541], [526, 542], [527, 542], [528, 543], [529, 543], [530, 544], [531, 544], [532, 545], [533, 545], [534, 546], [535, 546], [536, 547], [537, 547], [538, 548], [539, 548], [540, 549], [541, 549], [542, 550], [544, 550], [545, 551], [547, 551], [548, 552], [550, 552], [551, 553], [553, 553], [554, 554], [555, 554], [556, 555], [558, 555], [559, 556], [561, 556], [562, 557], [564, 557], [565, 558], [566, 558], [567, 559], [569, 559], [570, 560], [571, 560], [572, 561], [573, 561], [574, 562], [576, 562], [577, 563], [578, 562], [596, 562], [596, 560], [595, 559], [595, 543], [594, 542], [592, 542], [591, 541], [590, 541], [589, 540], [587, 540], [586, 539], [585, 539], [584, 538], [582, 538], [581, 537], [580, 537], [579, 536], [577, 536], [576, 535], [575, 535], [574, 534], [572, 534], [570, 532], [570, 530], [569, 529], [569, 528], [568, 527], [568, 525], [567, 524], [567, 523], [566, 522], [566, 520], [565, 519], [565, 516], [564, 515], [564, 511], [563, 510], [563, 504], [562, 504], [561, 505], [561, 506], [558, 509], [558, 510], [555, 513], [555, 514], [554, 515], [523, 515], [517, 509], [517, 508], [512, 503], [512, 502], [508, 498]]"
009.png,,1024,1024,104,screw,114,training/thread_side/009.png,,655.0,743.0,368.0,445.0,thread_side,-1,"[[699, 368], [698, 369], [698, 370], [697, 371], [697, 372], [696, 373], [696, 374], [695, 375], [695, 376], [679, 392], [679, 393], [674, 398], [674, 399], [670, 403], [670, 404], [669, 405], [669, 406], [667, 408], [667, 409], [665, 411], [665, 412], [662, 415], [661, 415], [659, 417], [658, 417], [656, 419], [655, 419], [656, 420], [656, 422], [657, 423], [657, 424], [658, 425], [658, 426], [659, 427], [659, 428], [660, 429], [660, 442], [661, 443], [667, 443], [668, 444], [671, 444], [672, 445], [687, 445], [689, 443], [690, 443], [691, 442], [691, 441], [692, 440], [692, 438], [693, 437], [693, 435], [694, 434], [693, 433], [693, 402], [697, 398], [724, 398], [725, 397], [727, 397], [728, 396], [730, 396], [732, 394], [733, 394], [743, 384], [743, 383], [742, 382], [742, 381], [739, 378], [738, 378], [737, 377], [734, 377], [733, 376], [731, 376], [730, 375], [727, 375], [726, 374], [724, 374], [723, 373], [722, 373], [721, 372], [719, 372], [718, 371], [716, 371], [715, 370], [712, 370], [711, 369], [704, 369], [703, 368]]"
010.png,,1024,1024,105,screw,115,training/thread_side/010.png,,610.0,711.0,458.0,518.0,thread_side,-1,"[[688, 458], [687, 459], [687, 461], [686, 462], [686, 463], [685, 464], [685, 466], [684, 467], [684, 468], [683, 469], [683, 471], [682, 472], [682, 473], [681, 474], [681, 475], [680, 476], [680, 477], [679, 478], [679, 479], [678, 480], [678, 481], [677, 482], [677, 483], [676, 484], [676, 485], [675, 486], [675, 487], [674, 488], [642, 488], [641, 487], [641, 481], [640, 480], [640, 473], [639, 472], [639, 466], [638, 465], [638, 460], [637, 460], [636, 461], [635, 461], [634, 462], [633, 462], [632, 463], [631, 463], [629, 465], [628, 465], [627, 466], [626, 466], [625, 467], [624, 467], [623, 468], [622, 468], [621, 469], [620, 469], [618, 471], [617, 471], [616, 472], [615, 472], [614, 473], [614, 474], [612, 476], [612, 477], [611, 478], [611, 479], [610, 480], [610, 489], [615, 489], [627, 501], [627, 502], [636, 511], [637, 511], [639, 513], [640, 513], [642, 515], [643, 515], [646, 518], [656, 518], [657, 517], [659, 517], [662, 514], [663, 514], [666, 511], [667, 511], [669, 509], [702, 509], [703, 510], [704, 510], [705, 511], [707, 511], [707, 506], [708, 505], [708, 499], [709, 498], [709, 492], [710, 491], [710, 485], [711, 484], [710, 483], [710, 482], [708, 480], [708, 479], [706, 477], [706, 476], [704, 474], [704, 473], [702, 471], [702, 470], [700, 468], [700, 467], [698, 465], [698, 464], [696, 462], [696, 461], [693, 458]]"
011.png,,1024,1024,106,screw,116,training/thread_side/011.png,,180.0,268.0,376.0,441.0,thread_side,-1,"[[180, 376], [180, 377], [181, 378], [181, 381], [182, 382], [182, 385], [183, 386], [183, 390], [184, 391], [184, 396], [185, 397], [185, 403], [186, 404], [186, 407], [187, 408], [187, 411], [188, 412], [188, 414], [190, 412], [190, 411], [195, 406], [195, 405], [196, 404], [228, 404], [229, 405], [232, 405], [233, 406], [235, 406], [236, 407], [236, 410], [237, 411], [237, 414], [238, 415], [238, 418], [239, 419], [239, 426], [240, 427], [240, 438], [241, 438], [243, 440], [244, 440], [245, 441], [247, 441], [248, 440], [252, 440], [253, 439], [256, 439], [257, 438], [258, 438], [259, 437], [260, 437], [261, 436], [262, 436], [263, 435], [264, 435], [265, 434], [266, 434], [266, 432], [267, 431], [267, 429], [268, 428], [268, 423], [266, 423], [263, 420], [262, 420], [259, 417], [258, 417], [245, 404], [245, 403], [243, 401], [243, 400], [238, 395], [237, 395], [234, 392], [233, 392], [231, 390], [229, 390], [228, 389], [226, 389], [225, 388], [223, 388], [222, 387], [194, 387], [187, 380], [186, 380], [184, 378], [183, 378], [181, 376]]"
000.png,,1024,1024,107,screw,117,training/thread_top/000.png,,248.0,345.0,273.0,406.0,thread_top,-1,"[[278, 273], [267, 284], [267, 285], [266, 286], [266, 288], [265, 289], [265, 291], [264, 292], [264, 294], [263, 295], [263, 297], [262, 298], [262, 300], [261, 301], [261, 302], [260, 303], [260, 305], [259, 306], [259, 310], [258, 311], [258, 315], [257, 316], [257, 319], [256, 320], [256, 324], [255, 325], [255, 328], [254, 329], [254, 333], [253, 334], [253, 337], [252, 338], [252, 341], [251, 342], [251, 346], [250, 347], [250, 350], [249, 351], [249, 360], [248, 361], [248, 374], [249, 375], [249, 377], [254, 372], [255, 372], [261, 366], [262, 366], [264, 364], [298, 364], [299, 365], [303, 365], [304, 366], [306, 366], [307, 367], [307, 406], [309, 404], [311, 404], [312, 403], [314, 403], [317, 400], [317, 399], [318, 398], [318, 397], [319, 396], [319, 395], [320, 394], [320, 393], [321, 392], [321, 391], [323, 389], [323, 388], [327, 384], [327, 383], [335, 375], [335, 368], [336, 367], [336, 359], [337, 358], [337, 353], [338, 352], [338, 349], [339, 348], [339, 345], [340, 344], [340, 341], [341, 340], [341, 337], [342, 336], [342, 333], [343, 332], [343, 329], [344, 328], [344, 321], [345, 320], [345, 300], [344, 299], [342, 299], [341, 298], [340, 298], [340, 299], [334, 305], [302, 305], [301, 304], [300, 304], [299, 303], [298, 303], [296, 301], [295, 301], [293, 299], [292, 299], [291, 298], [290, 298], [288, 296], [288, 278], [287, 277], [286, 277], [285, 276], [284, 276], [283, 275], [281, 275], [280, 274], [279, 274]]"
001.png,,1024,1024,108,screw,118,training/thread_top/001.png,,543.0,664.0,353.0,444.0,thread_top,-1,"[[578, 353], [577, 354], [572, 354], [571, 355], [569, 355], [567, 357], [567, 374], [566, 375], [563, 375], [562, 376], [552, 376], [551, 377], [550, 377], [548, 379], [547, 379], [545, 381], [544, 381], [543, 382], [543, 383], [544, 384], [544, 385], [545, 386], [545, 387], [546, 388], [546, 389], [547, 390], [548, 390], [549, 391], [550, 391], [551, 392], [552, 392], [553, 393], [554, 393], [555, 394], [556, 394], [557, 395], [558, 395], [560, 397], [561, 397], [565, 401], [565, 408], [566, 409], [566, 416], [567, 417], [567, 423], [568, 424], [568, 426], [571, 429], [571, 430], [574, 433], [574, 434], [577, 437], [577, 438], [578, 438], [579, 439], [580, 439], [581, 440], [582, 440], [583, 441], [584, 441], [585, 442], [588, 442], [589, 443], [591, 443], [592, 444], [611, 444], [612, 443], [613, 443], [614, 442], [615, 442], [617, 440], [618, 440], [619, 439], [620, 439], [622, 437], [623, 437], [623, 435], [624, 434], [624, 433], [625, 432], [625, 431], [626, 430], [626, 429], [627, 428], [627, 426], [628, 425], [628, 422], [629, 421], [629, 417], [630, 416], [630, 412], [631, 411], [631, 410], [632, 409], [632, 407], [633, 406], [633, 405], [636, 402], [637, 402], [638, 401], [640, 401], [641, 400], [642, 400], [643, 399], [645, 399], [646, 398], [647, 398], [648, 397], [654, 397], [655, 396], [664, 396], [664, 395], [663, 394], [663, 392], [662, 391], [662, 389], [661, 388], [661, 386], [648, 373], [647, 373], [646, 372], [645, 372], [644, 371], [643, 371], [642, 370], [641, 370], [640, 369], [639, 369], [638, 368], [637, 368], [635, 366], [633, 366], [632, 365], [631, 365], [630, 364], [628, 364], [627, 363], [625, 363], [624, 362], [623, 362], [622, 361], [621, 361], [620, 360], [619, 360], [618, 359], [617, 359], [616, 358], [615, 358], [614, 357], [613, 357], [612, 356], [609, 356], [608, 355], [605, 355], [604, 354], [601, 354], [600, 353]]"
002.png,,1024,1024,109,screw,119,training/thread_top/002.png,,299.0,415.0,566.0,691.0,thread_top,-1,"[[355, 566], [354, 567], [352, 567], [352, 568], [353, 569], [353, 571], [354, 572], [354, 604], [352, 606], [350, 606], [349, 607], [348, 607], [347, 608], [345, 608], [344, 609], [312, 609], [310, 607], [309, 607], [305, 603], [304, 603], [302, 601], [299, 601], [299, 619], [300, 620], [300, 625], [302, 627], [302, 628], [305, 631], [305, 632], [308, 635], [308, 636], [311, 639], [311, 640], [314, 643], [314, 644], [317, 647], [317, 648], [320, 651], [320, 652], [323, 655], [323, 656], [325, 658], [325, 659], [327, 661], [327, 662], [328, 663], [328, 664], [330, 666], [330, 667], [331, 668], [331, 669], [341, 679], [342, 679], [345, 682], [346, 682], [348, 684], [349, 684], [351, 686], [352, 686], [354, 688], [355, 688], [356, 689], [357, 689], [358, 690], [360, 690], [361, 691], [362, 691], [364, 689], [364, 688], [365, 687], [365, 686], [364, 685], [364, 652], [366, 650], [367, 650], [368, 649], [369, 649], [370, 648], [371, 648], [372, 647], [373, 647], [375, 645], [406, 645], [410, 649], [411, 649], [415, 645], [415, 644], [414, 643], [414, 641], [413, 640], [413, 637], [412, 636], [412, 633], [411, 632], [411, 630], [410, 629], [410, 627], [409, 626], [409, 624], [408, 623], [408, 622], [407, 621], [407, 620], [406, 619], [406, 617], [404, 615], [404, 614], [403, 613], [403, 612], [402, 611], [402, 610], [401, 609], [401, 608], [400, 607], [400, 606], [398, 604], [398, 603], [397, 602], [397, 601], [396, 600], [396, 599], [394, 597], [394, 596], [392, 594], [392, 593], [391, 592], [391, 591], [389, 589], [389, 588], [387, 586], [386, 586], [382, 582], [381, 582], [377, 578], [376, 578], [373, 575], [372, 575], [370, 573], [369, 573], [367, 571], [366, 571], [364, 569], [363, 569], [361, 567], [360, 567], [359, 566]]"
003.png,,1024,1024,110,screw,120,training/thread_top/003.png,,262.0,350.0,712.0,813.0,thread_top,-1,"[[293, 712], [292, 713], [291, 713], [288, 716], [287, 716], [287, 717], [288, 718], [288, 719], [289, 720], [289, 722], [290, 723], [290, 724], [291, 725], [291, 726], [293, 728], [293, 760], [292, 761], [292, 762], [291, 763], [291, 765], [290, 766], [290, 767], [289, 768], [289, 770], [288, 771], [288, 772], [287, 773], [287, 775], [286, 776], [269, 776], [268, 777], [266, 777], [265, 778], [262, 778], [262, 779], [263, 780], [263, 783], [264, 784], [264, 786], [265, 787], [265, 789], [266, 790], [266, 793], [267, 794], [267, 796], [268, 797], [268, 799], [270, 799], [271, 800], [273, 800], [274, 801], [276, 801], [278, 803], [279, 803], [280, 804], [281, 804], [283, 806], [284, 806], [285, 807], [286, 807], [287, 808], [288, 808], [290, 810], [301, 810], [302, 811], [305, 811], [306, 812], [311, 812], [312, 813], [318, 813], [319, 812], [321, 812], [322, 811], [324, 811], [325, 810], [329, 810], [330, 809], [333, 809], [334, 808], [335, 808], [335, 805], [334, 804], [334, 802], [333, 801], [333, 800], [331, 798], [331, 797], [328, 794], [328, 750], [329, 749], [350, 749], [350, 747], [349, 746], [349, 740], [348, 739], [348, 738], [347, 738], [346, 737], [345, 737], [344, 736], [343, 736], [342, 735], [341, 735], [336, 730], [335, 730], [329, 724], [329, 723], [318, 712]]"
004.png,,1024,1024,111,screw,121,training/thread_top/004.png,,601.0,701.0,519.0,627.0,thread_top,-1,"[[615, 519], [615, 520], [612, 523], [612, 524], [610, 526], [610, 527], [608, 529], [608, 530], [607, 531], [607, 533], [606, 534], [606, 535], [605, 536], [605, 538], [604, 539], [604, 541], [603, 542], [603, 543], [602, 544], [602, 546], [601, 547], [601, 550], [602, 551], [602, 558], [603, 559], [603, 565], [604, 566], [604, 571], [605, 572], [605, 575], [606, 576], [606, 579], [607, 580], [607, 583], [608, 584], [608, 588], [609, 589], [609, 593], [610, 594], [610, 599], [611, 600], [611, 604], [612, 605], [612, 610], [613, 611], [613, 615], [614, 616], [614, 620], [615, 621], [615, 623], [616, 624], [616, 625], [617, 626], [617, 627], [618, 627], [618, 626], [619, 625], [619, 624], [620, 623], [620, 622], [621, 621], [621, 620], [623, 618], [623, 617], [624, 616], [624, 615], [625, 614], [625, 612], [626, 611], [676, 611], [678, 613], [678, 614], [679, 615], [679, 617], [680, 618], [680, 620], [681, 621], [681, 622], [682, 623], [682, 624], [683, 625], [683, 626], [684, 627], [684, 626], [688, 622], [688, 621], [691, 618], [691, 615], [692, 614], [692, 609], [693, 608], [693, 603], [694, 602], [694, 596], [695, 595], [695, 590], [696, 589], [696, 582], [697, 581], [697, 574], [698, 573], [698, 568], [699, 567], [699, 565], [700, 564], [700, 561], [701, 560], [701, 555], [700, 554], [700, 552], [699, 551], [699, 550], [698, 549], [698, 548], [684, 534], [683, 534], [681, 532], [681, 531], [680, 532], [679, 532], [678, 533], [677, 533], [675, 535], [674, 535], [673, 536], [672, 536], [670, 538], [669, 538], [668, 539], [667, 539], [666, 540], [666, 541], [663, 544], [663, 545], [662, 546], [629, 546], [628, 545], [625, 545], [622, 542], [622, 540], [621, 539], [621, 537], [620, 536], [620, 534], [619, 533], [619, 531], [618, 530], [618, 528], [617, 527], [617, 524], [616, 523], [616, 519]]"
005.png,,1024,1024,112,screw,122,training/thread_top/005.png,,501.0,622.0,462.0,647.0,thread_top,-1,"[[557, 462], [556, 463], [552, 463], [551, 464], [546, 464], [545, 465], [541, 465], [540, 466], [538, 466], [537, 467], [536, 467], [535, 468], [534, 468], [533, 469], [532, 469], [531, 470], [530, 470], [529, 471], [528, 471], [527, 472], [526, 472], [525, 473], [525, 491], [522, 494], [521, 494], [517, 498], [516, 498], [512, 502], [511, 502], [507, 506], [507, 507], [506, 508], [506, 509], [505, 510], [505, 511], [504, 512], [504, 513], [503, 514], [503, 515], [502, 516], [502, 517], [501, 518], [501, 519], [502, 520], [503, 520], [505, 522], [506, 522], [507, 523], [508, 523], [509, 524], [510, 524], [511, 525], [512, 525], [513, 526], [514, 526], [515, 527], [516, 527], [517, 528], [518, 528], [521, 531], [521, 534], [522, 535], [522, 539], [523, 540], [523, 544], [524, 545], [524, 548], [525, 549], [525, 554], [526, 555], [526, 564], [554, 564], [555, 565], [555, 603], [554, 604], [554, 626], [552, 628], [551, 628], [550, 629], [549, 629], [548, 630], [547, 630], [544, 633], [543, 633], [540, 636], [539, 636], [537, 638], [536, 638], [534, 640], [536, 642], [536, 643], [537, 644], [540, 644], [541, 645], [544, 645], [545, 646], [548, 646], [549, 647], [551, 647], [552, 646], [562, 646], [563, 645], [568, 645], [569, 644], [573, 644], [574, 643], [579, 643], [580, 642], [583, 642], [584, 641], [587, 641], [588, 640], [590, 640], [591, 639], [594, 639], [595, 638], [596, 638], [598, 636], [599, 636], [600, 635], [601, 635], [603, 633], [604, 633], [605, 632], [606, 632], [608, 630], [609, 630], [610, 629], [611, 629], [611, 628], [614, 625], [614, 624], [616, 622], [616, 621], [619, 618], [619, 617], [621, 615], [621, 614], [622, 613], [622, 612], [619, 612], [618, 611], [604, 611], [603, 610], [596, 610], [595, 609], [594, 609], [593, 608], [591, 608], [590, 607], [589, 607], [587, 605], [587, 564], [588, 563], [589, 563], [590, 562], [591, 562], [592, 561], [593, 561], [595, 559], [596, 559], [597, 558], [598, 558], [600, 556], [601, 556], [603, 554], [604, 554], [605, 553], [606, 553], [608, 551], [609, 551], [611, 549], [612, 549], [613, 548], [614, 548], [616, 546], [617, 546], [617, 544], [615, 542], [615, 541], [612, 538], [611, 538], [610, 537], [609, 537], [608, 536], [607, 536], [606, 535], [604, 535], [602, 533], [602, 523], [601, 522], [601, 501], [600, 500], [600, 499], [599, 498], [599, 496], [598, 495], [598, 494], [597, 493], [597, 492], [596, 491], [596, 490], [595, 489], [595, 488], [593, 488], [592, 487], [590, 487], [589, 486], [587, 486], [586, 485], [584, 485], [583, 484], [580, 484], [579, 483], [577, 483], [576, 482], [573, 482], [572, 481], [571, 481], [567, 477], [567, 476], [565, 474], [565, 473], [564, 472], [564, 471], [563, 470], [563, 469], [561, 467], [561, 466], [560, 465], [560, 464], [559, 463], [559, 462]]"
006.png,,1024,1024,113,screw,123,training/thread_top/006.png,,260.0,383.0,615.0,739.0,thread_top,-1,"[[309, 615], [308, 616], [307, 616], [304, 619], [304, 621], [305, 622], [305, 653], [300, 658], [299, 658], [296, 661], [296, 662], [295, 663], [261, 663], [260, 664], [260, 674], [261, 675], [261, 681], [262, 682], [262, 685], [263, 686], [263, 688], [264, 689], [264, 691], [265, 692], [265, 694], [267, 696], [267, 697], [270, 700], [270, 701], [273, 704], [273, 705], [276, 708], [276, 709], [280, 713], [280, 714], [281, 715], [282, 715], [287, 720], [288, 720], [289, 721], [291, 721], [292, 722], [293, 722], [294, 723], [295, 723], [296, 724], [297, 724], [298, 725], [299, 725], [300, 726], [301, 726], [302, 727], [303, 727], [304, 728], [305, 728], [307, 730], [309, 730], [310, 731], [313, 731], [314, 732], [317, 732], [318, 733], [321, 733], [322, 734], [323, 734], [324, 735], [325, 735], [326, 736], [327, 736], [328, 737], [329, 737], [331, 739], [342, 739], [343, 738], [343, 737], [344, 736], [344, 735], [343, 734], [343, 732], [342, 731], [342, 700], [345, 697], [345, 696], [349, 692], [381, 692], [382, 693], [383, 693], [382, 692], [382, 685], [381, 684], [381, 683], [380, 682], [380, 681], [379, 680], [379, 678], [378, 677], [378, 676], [377, 675], [377, 674], [376, 673], [376, 672], [375, 671], [375, 670], [374, 669], [374, 668], [372, 666], [372, 665], [371, 664], [371, 662], [370, 661], [370, 660], [369, 659], [369, 657], [367, 655], [367, 654], [366, 653], [366, 652], [364, 650], [364, 649], [363, 648], [363, 647], [362, 646], [362, 645], [360, 643], [360, 642], [359, 641], [359, 640], [358, 639], [358, 638], [357, 637], [357, 636], [356, 635], [356, 634], [354, 632], [354, 631], [352, 629], [352, 628], [336, 628], [334, 626], [334, 625], [330, 621], [330, 620], [327, 617], [327, 616], [313, 616], [312, 615]]"
007.png,,1024,1024,114,screw,124,training/thread_top/007.png,,508.0,624.0,461.0,554.0,thread_top,-1,"[[569, 461], [568, 462], [564, 462], [563, 463], [561, 463], [560, 464], [557, 464], [556, 465], [554, 465], [553, 466], [551, 466], [550, 467], [547, 467], [546, 468], [544, 468], [543, 469], [541, 469], [540, 470], [539, 470], [538, 471], [537, 471], [535, 473], [534, 473], [529, 478], [529, 483], [528, 484], [528, 491], [527, 492], [527, 500], [526, 501], [526, 532], [521, 537], [520, 537], [515, 542], [514, 542], [512, 544], [511, 544], [508, 547], [508, 551], [509, 552], [509, 553], [517, 553], [518, 554], [519, 554], [520, 553], [562, 553], [563, 552], [564, 552], [565, 551], [566, 551], [567, 550], [568, 550], [570, 548], [571, 548], [572, 547], [573, 547], [575, 545], [577, 545], [578, 544], [579, 544], [580, 543], [581, 543], [582, 542], [583, 542], [584, 541], [586, 541], [587, 540], [589, 540], [590, 539], [592, 539], [594, 537], [594, 536], [596, 534], [596, 533], [597, 532], [597, 531], [598, 530], [598, 525], [599, 524], [599, 520], [605, 514], [607, 514], [608, 513], [609, 513], [610, 512], [611, 512], [612, 511], [613, 511], [617, 507], [618, 507], [621, 504], [621, 503], [622, 502], [622, 501], [623, 500], [623, 499], [624, 498], [624, 487], [623, 486], [623, 485], [622, 484], [622, 483], [621, 482], [621, 481], [620, 480], [620, 479], [619, 478], [618, 478], [617, 477], [615, 477], [614, 476], [613, 476], [612, 475], [592, 475], [582, 465], [581, 465], [580, 464], [578, 464], [577, 463], [576, 463], [575, 462], [574, 462], [573, 461]]"
008.png,,1024,1024,115,screw,125,training/thread_top/008.png,,519.0,636.0,613.0,724.0,thread_top,-1,"[[631, 613], [630, 614], [627, 614], [626, 615], [622, 615], [621, 616], [619, 616], [618, 617], [617, 617], [616, 618], [614, 618], [613, 619], [612, 619], [611, 620], [576, 620], [575, 621], [572, 621], [571, 622], [567, 622], [566, 623], [563, 623], [562, 624], [560, 624], [559, 625], [558, 625], [557, 626], [556, 626], [555, 627], [554, 627], [553, 628], [552, 628], [551, 629], [550, 629], [549, 630], [548, 630], [546, 632], [545, 632], [544, 633], [543, 633], [542, 634], [541, 634], [539, 636], [538, 636], [536, 638], [535, 638], [530, 643], [530, 644], [519, 655], [519, 656], [520, 656], [521, 657], [524, 657], [525, 658], [528, 658], [529, 659], [532, 659], [533, 660], [536, 660], [537, 661], [540, 661], [541, 662], [544, 662], [545, 663], [556, 663], [557, 664], [557, 665], [559, 667], [559, 668], [561, 670], [561, 702], [560, 703], [559, 703], [558, 704], [557, 704], [556, 705], [555, 705], [554, 706], [553, 706], [551, 708], [550, 708], [549, 709], [548, 709], [545, 712], [544, 712], [538, 718], [538, 719], [542, 719], [543, 720], [547, 720], [548, 721], [553, 721], [554, 722], [558, 722], [559, 723], [564, 723], [565, 724], [568, 724], [569, 723], [572, 723], [573, 722], [575, 722], [576, 721], [578, 721], [579, 720], [580, 720], [581, 719], [582, 719], [583, 718], [584, 718], [585, 717], [589, 717], [590, 716], [594, 716], [596, 714], [597, 714], [600, 711], [601, 711], [603, 709], [604, 709], [606, 707], [607, 707], [609, 705], [610, 705], [612, 703], [613, 703], [615, 701], [616, 701], [618, 699], [619, 699], [620, 698], [621, 698], [622, 697], [623, 697], [624, 696], [625, 696], [627, 694], [628, 694], [629, 693], [630, 693], [631, 692], [632, 692], [632, 691], [634, 689], [634, 688], [636, 686], [635, 685], [635, 683], [634, 684], [598, 684], [597, 683], [597, 638], [598, 637], [599, 637], [600, 636], [601, 636], [603, 634], [604, 634], [605, 633], [606, 633], [608, 631], [609, 631], [611, 629], [612, 629], [614, 627], [615, 627], [618, 624], [619, 624], [622, 621], [623, 621], [627, 617], [628, 617], [632, 613], [633, 613]]"
009.png,,1024,1024,116,screw,126,training/thread_top/009.png,,237.0,317.0,244.0,346.0,thread_top,-1,"[[257, 244], [256, 245], [255, 245], [254, 246], [253, 246], [252, 247], [250, 247], [249, 248], [248, 248], [247, 249], [245, 249], [244, 250], [243, 250], [242, 251], [241, 251], [240, 252], [239, 252], [239, 256], [238, 257], [238, 261], [237, 262], [237, 281], [238, 282], [239, 282], [243, 286], [244, 286], [245, 287], [246, 287], [248, 289], [249, 289], [250, 290], [251, 290], [252, 291], [262, 291], [272, 301], [272, 302], [273, 303], [273, 339], [272, 340], [272, 341], [273, 342], [273, 343], [275, 345], [275, 346], [276, 345], [277, 345], [278, 344], [280, 344], [281, 343], [282, 343], [284, 341], [285, 341], [292, 334], [292, 333], [294, 331], [294, 330], [295, 329], [295, 328], [297, 326], [297, 325], [298, 324], [298, 322], [299, 321], [299, 317], [300, 316], [300, 315], [301, 314], [301, 313], [302, 312], [302, 311], [303, 310], [303, 309], [304, 308], [304, 307], [305, 306], [305, 304], [306, 303], [306, 302], [307, 301], [308, 301], [309, 300], [310, 300], [311, 299], [312, 299], [313, 298], [314, 298], [315, 297], [315, 296], [316, 295], [316, 293], [317, 292], [317, 290], [316, 289], [316, 284], [315, 283], [315, 274], [311, 274], [310, 273], [302, 273], [301, 272], [301, 270], [299, 268], [298, 268], [297, 267], [296, 267], [295, 266], [294, 266], [293, 265], [292, 265], [291, 264], [291, 256], [288, 256], [287, 255], [284, 255], [283, 254], [269, 254], [268, 253], [268, 252], [267, 251], [267, 249], [266, 248], [266, 247], [265, 246], [265, 244]]"
010.png,,1024,1024,117,screw,127,training/thread_top/010.png,,308.0,414.0,310.0,440.0,thread_top,-1,"[[348, 310], [347, 311], [346, 311], [345, 312], [344, 312], [343, 313], [342, 313], [339, 316], [339, 317], [336, 320], [336, 321], [334, 323], [334, 324], [332, 326], [332, 327], [331, 328], [331, 329], [329, 331], [329, 332], [328, 333], [328, 334], [327, 335], [327, 336], [326, 337], [326, 338], [324, 340], [324, 341], [323, 342], [323, 344], [322, 345], [322, 346], [321, 347], [321, 349], [320, 350], [320, 352], [319, 353], [319, 355], [318, 356], [318, 357], [317, 358], [317, 360], [316, 361], [316, 362], [315, 363], [315, 364], [314, 365], [314, 367], [313, 368], [313, 370], [312, 371], [312, 373], [311, 374], [311, 375], [310, 376], [310, 380], [309, 381], [309, 387], [308, 388], [308, 389], [309, 390], [309, 396], [310, 397], [312, 397], [313, 398], [314, 398], [315, 399], [316, 399], [317, 400], [322, 400], [322, 399], [323, 398], [323, 397], [324, 396], [324, 395], [325, 394], [325, 393], [326, 392], [326, 391], [331, 386], [370, 386], [371, 387], [371, 434], [372, 435], [372, 437], [373, 438], [373, 440], [374, 440], [374, 439], [387, 426], [387, 425], [388, 424], [388, 423], [389, 422], [389, 421], [391, 419], [391, 418], [392, 417], [392, 416], [393, 415], [393, 414], [395, 412], [395, 411], [396, 410], [396, 409], [398, 407], [398, 406], [399, 405], [399, 404], [400, 403], [400, 402], [402, 400], [402, 399], [403, 398], [403, 396], [404, 395], [404, 393], [405, 392], [405, 390], [406, 389], [406, 387], [407, 386], [407, 384], [408, 383], [408, 381], [409, 380], [409, 379], [410, 378], [410, 377], [411, 376], [411, 375], [412, 374], [412, 373], [413, 372], [413, 355], [414, 354], [414, 347], [413, 346], [413, 342], [407, 342], [406, 343], [405, 343], [400, 348], [400, 349], [397, 352], [365, 352], [364, 351], [355, 351], [354, 350], [354, 316], [355, 315], [355, 313], [354, 312], [353, 312], [352, 311], [350, 311], [349, 310]]"
011.png,,1024,1024,118,screw,128,training/thread_top/011.png,,330.0,459.0,558.0,663.0,thread_top,-1,"[[401, 558], [396, 563], [396, 593], [394, 595], [391, 595], [389, 597], [388, 597], [387, 598], [354, 598], [349, 593], [349, 592], [344, 587], [344, 586], [338, 580], [337, 580], [335, 578], [334, 578], [333, 577], [330, 577], [330, 581], [331, 582], [331, 583], [332, 584], [332, 585], [333, 586], [333, 587], [334, 588], [334, 589], [335, 590], [335, 592], [336, 593], [336, 595], [337, 596], [337, 598], [338, 599], [338, 601], [339, 602], [339, 603], [340, 604], [340, 606], [341, 607], [341, 608], [342, 609], [342, 611], [343, 612], [343, 613], [344, 614], [344, 616], [345, 617], [345, 619], [346, 620], [346, 622], [347, 623], [347, 625], [348, 626], [348, 627], [349, 628], [349, 630], [351, 632], [351, 633], [352, 634], [352, 635], [353, 636], [353, 637], [355, 639], [355, 640], [358, 643], [358, 644], [369, 655], [370, 655], [372, 657], [373, 657], [374, 658], [375, 658], [376, 659], [377, 659], [379, 661], [380, 661], [381, 662], [382, 662], [383, 663], [388, 663], [389, 662], [389, 631], [390, 630], [439, 630], [443, 634], [444, 634], [449, 639], [449, 640], [454, 645], [454, 646], [455, 646], [457, 644], [458, 644], [459, 643], [459, 635], [458, 634], [458, 630], [457, 629], [457, 627], [453, 623], [453, 622], [449, 618], [449, 617], [446, 614], [446, 613], [443, 610], [443, 609], [440, 606], [440, 605], [437, 602], [437, 601], [435, 599], [435, 598], [432, 595], [432, 594], [430, 592], [430, 591], [427, 588], [427, 587], [423, 583], [423, 582], [420, 579], [420, 578], [417, 575], [417, 574], [414, 571], [414, 570], [412, 568], [412, 567], [410, 565], [410, 564], [408, 562], [407, 562], [406, 561], [405, 561], [404, 560], [403, 560]]"
